hsa-let-7a-2-3p,24,1,0,-25.2
hsa-let-7a-3p.t,32,1,0,-34.2
hsa-let-7a-5p.t,32,1,0,-34.2
hsa-let-7b-3p.t,33,1,0,-46.7
hsa-let-7b-5p.t,33,1,0,-46.7
hsa-let-7c-3p.t,31,1,0,-31.6
hsa-let-7c-5p.t,31,1,0,-31.6
hsa-let-7d-3p.t,32,1,0,-42.7
hsa-let-7d-5p.t,32,1,0,-42.7
hsa-let-7e-3p.t,28,1,0,-36.7
hsa-let-7e-5p.t,28,1,0,-36.7
hsa-let-7f-1-3p,34,1,0,-42.3
hsa-let-7f-2-3p,33,1,0,-39.0
hsa-let-7f-5p.t,34,1,0,-42.3
hsa-let-7g-3p.t,32,1,0,-39.3
hsa-let-7g-5p.t,32,1,0,-39.3
hsa-let-7i-3p.t,30,1,0,-39.7
hsa-let-7i-5p.t,30,1,0,-39.7
hsa-miR-1-3p.tx,32,1,0,-36.0
hsa-miR-1-5p.tx,28,1,0,-29.1
hsa-miR-100-3p.,25,1,0,-25.7
hsa-miR-100-5p.,25,1,0,-25.7
hsa-miR-101-2-5,30,1,0,-30.0
hsa-miR-101-3p.,25,1,0,-36.2
hsa-miR-101-5p.,25,1,0,-36.2
hsa-miR-10226.t,26,1,0,-26.7
hsa-miR-10392-3,30,1,0,-39.3
hsa-miR-10392-5,30,1,0,-39.3
hsa-miR-10393-3,12,1,0,-3.3
hsa-miR-10393-5,12,1,0,-3.3
hsa-miR-10394-3,24,1,0,-32.8
hsa-miR-10394-5,24,1,0,-32.8
hsa-miR-10395-3,17,1,0,-9.3
hsa-miR-10395-5,17,1,0,-9.3
hsa-miR-10396a-,17,1,0,-36.6
hsa-miR-10396b-,18,1,0,-38.6
hsa-miR-10397-3,23,1,0,-12.3
hsa-miR-10397-5,23,1,0,-12.3
hsa-miR-10398-3,19,1,0,-38.2
hsa-miR-10398-5,19,1,0,-38.2
hsa-miR-10399-3,19,1,0,-19.5
hsa-miR-10399-5,19,1,0,-19.5
hsa-miR-103a-1-,27,1,0,-31.0
hsa-miR-103a-2-,28,1,0,-28.1
hsa-miR-103a-3p,28,1,0,-28.1
hsa-miR-103b.tx,15,1,0,-16.4
hsa-miR-10400-3,15,1,0,-22.1
hsa-miR-10400-5,15,1,0,-22.1
hsa-miR-10401-3,19,1,0,-28.1
hsa-miR-10401-5,19,1,0,-28.1
hsa-miR-105-3p.,28,1,0,-43.1
hsa-miR-105-5p.,28,1,0,-43.1
hsa-miR-10522-5,18,1,0,-18.9
hsa-miR-10523-5,24,1,0,-22.9
hsa-miR-10524-5,13,1,0,-15.1
hsa-miR-10525-3,20,1,0,-26.8
hsa-miR-10526-3,18,1,0,-21.3
hsa-miR-10527-5,15,1,0,-20.3
hsa-miR-106a-3p,32,1,0,-34.4
hsa-miR-106a-5p,32,1,0,-34.4
hsa-miR-106b-3p,30,1,0,-44.4
hsa-miR-106b-5p,30,1,0,-44.4
hsa-miR-107.txt,31,1,0,-29.5
hsa-miR-10a-3p.,33,1,0,-34.0
hsa-miR-10a-5p.,33,1,0,-34.0
hsa-miR-10b-3p.,41,1,0,-42.9
hsa-miR-10b-5p.,41,1,0,-42.9
hsa-miR-11181-3,19,1,0,-29.3
hsa-miR-11181-5,19,1,0,-29.3
hsa-miR-11399.t,27,1,0,-39.2
hsa-miR-11400.t,22,1,0,-28.4
hsa-miR-11401.t,23,1,0,-25.1
hsa-miR-1178-3p,32,1,0,-37.7
hsa-miR-1178-5p,32,1,0,-37.7
hsa-miR-1179.tx,33,1,0,-31.4
hsa-miR-1180-3p,27,1,0,-39.3
hsa-miR-1180-5p,27,1,0,-39.3
hsa-miR-1181.tx,28,1,0,-42.0
hsa-miR-1182.tx,35,1,0,-37.7
hsa-miR-1183.tx,24,1,0,-19.8
hsa-miR-1184.tx,32,1,0,-28.0
hsa-miR-1185-1-,32,1,0,-35.3
hsa-miR-1185-2-,32,1,0,-38.8
hsa-miR-1185-5p,32,1,0,-38.8
hsa-miR-1193.tx,27,1,0,-35.1
hsa-miR-1197.tx,29,1,0,-26.9
hsa-miR-1199-3p,40,2,1,-70.9
hsa-miR-1199-5p,40,2,1,-70.9
hsa-miR-1200.tx,26,1,0,-26.9
hsa-miR-1202.tx,23,1,0,-34.4
hsa-miR-1203.tx,30,1,0,-35.5
hsa-miR-1204.tx,23,1,0,-24.7
hsa-miR-1205.tx,20,1,0,-22.8
hsa-miR-1206.tx,19,1,0,-18.5
hsa-miR-1207-3p,33,1,0,-36.0
hsa-miR-1207-5p,33,1,0,-36.0
hsa-miR-1208.tx,23,1,0,-26.1
hsa-miR-12113.t,30,1,0,-56.8
hsa-miR-12114.t,27,1,0,-39.7
hsa-miR-12115.t,20,1,0,-21.5
hsa-miR-12116.t,43,1,0,-91.8
hsa-miR-12117.t,29,1,0,-49.8
hsa-miR-12118.t,32,1,0,-34.7
hsa-miR-12119.t,34,1,0,-37.8
hsa-miR-12120.t,30,1,0,-32.2
hsa-miR-12121.t,33,2,0,-61.2
hsa-miR-12122.t,33,1,0,-29.3
hsa-miR-12123.t,37,1,0,-46.0
hsa-miR-12124.t,31,1,0,-33.4
hsa-miR-12125.t,34,1,0,-52.1
hsa-miR-12126.t,33,1,0,-34.1
hsa-miR-12127.t,32,1,0,-31.8
hsa-miR-12128.t,32,1,0,-39.9
hsa-miR-12129.t,27,1,0,-52.4
hsa-miR-12130.t,37,1,0,-46.8
hsa-miR-12131.t,40,1,0,-69.3
hsa-miR-12132.t,43,1,0,-50.9
hsa-miR-12133.t,30,1,0,-47.1
hsa-miR-12135.t,19,1,0,-14.7
hsa-miR-12136.t,18,2,0,-19.3
hsa-miR-122-3p.,31,1,0,-45.7
hsa-miR-122-5p.,31,1,0,-45.7
hsa-miR-1224-3p,28,2,1,-44.1
hsa-miR-1224-5p,28,2,1,-44.1
hsa-miR-1225-3p,29,1,0,-46.9
hsa-miR-1225-5p,29,1,0,-46.9
hsa-miR-1226-3p,26,1,0,-35.4
hsa-miR-1226-5p,26,1,0,-35.4
hsa-miR-1227-3p,24,2,1,-38.6
hsa-miR-1227-5p,24,2,1,-38.6
hsa-miR-1228-3p,23,1,0,-44.3
hsa-miR-1228-5p,23,1,0,-44.3
hsa-miR-1229-3p,22,1,0,-36.0
hsa-miR-1229-5p,22,1,0,-36.0
hsa-miR-122b-3p,26,1,0,-30.6
hsa-miR-122b-5p,26,1,0,-30.6
hsa-miR-1231.tx,27,1,0,-32.9
hsa-miR-1233-3p,25,1,0,-44.1
hsa-miR-1233-5p,25,1,0,-44.1
hsa-miR-1234-3p,27,1,0,-50.3
hsa-miR-1236-3p,30,2,1,-36.4
hsa-miR-1236-5p,30,2,1,-36.4
hsa-miR-1237-3p,29,3,0,-46.9
hsa-miR-1237-5p,29,3,0,-46.9
hsa-miR-1238-3p,26,1,0,-31.1
hsa-miR-1238-5p,26,1,0,-31.1
hsa-miR-124-3p.,27,1,0,-35.3
hsa-miR-124-5p.,27,1,0,-35.3
hsa-miR-1243.tx,30,1,0,-14.8
hsa-miR-1244.tx,24,1,0,-15.0
hsa-miR-1245a.t,25,1,0,-29.4
hsa-miR-1245b-3,26,1,0,-27.1
hsa-miR-1245b-5,26,1,0,-27.1
hsa-miR-1246.tx,21,1,0,-18.6
hsa-miR-1247-3p,45,1,0,-56.4
hsa-miR-1247-5p,45,1,0,-56.4
hsa-miR-1248.tx,32,1,0,-34.5
hsa-miR-1249-3p,21,1,0,-32.8
hsa-miR-1249-5p,21,1,0,-32.8
hsa-miR-1250-3p,39,1,0,-53.4
hsa-miR-1250-5p,39,1,0,-53.4
hsa-miR-1251-3p,20,1,0,-21.4
hsa-miR-1251-5p,20,1,0,-21.4
hsa-miR-1252-3p,26,1,0,-25.0
hsa-miR-1252-5p,26,1,0,-25.0
hsa-miR-1253.tx,37,1,0,-46.0
hsa-miR-1255a.t,43,1,0,-60.8
hsa-miR-1255b-2,26,1,0,-40.6
hsa-miR-1255b-5,21,1,0,-17.1
hsa-miR-1256.tx,41,1,0,-49.3
hsa-miR-1257.tx,39,1,0,-43.0
hsa-miR-1258.tx,29,1,0,-60.7
hsa-miR-125a-3p,32,1,0,-46.2
hsa-miR-125a-5p,32,1,0,-46.2
hsa-miR-125b-1-,33,1,0,-41.1
hsa-miR-125b-2-,31,1,0,-35.8
hsa-miR-125b-5p,33,1,0,-41.1
hsa-miR-126-3p.,29,1,0,-40.1
hsa-miR-126-5p.,29,1,0,-40.1
hsa-miR-1260a.t,20,1,0,-20.2
hsa-miR-1260b.t,33,1,0,-41.1
hsa-miR-1261.tx,29,1,0,-26.0
hsa-miR-1262.tx,28,1,0,-22.2
hsa-miR-1263.tx,36,1,0,-54.0
hsa-miR-1264.tx,20,1,0,-19.1
hsa-miR-1265.tx,34,1,0,-49.1
hsa-miR-1266-3p,33,1,0,-57.7
hsa-miR-1266-5p,33,1,0,-57.7
hsa-miR-1267.tx,30,1,0,-45.3
hsa-miR-1268a.t,18,1,0,-26.3
hsa-miR-1268b.t,14,1,0,-17.1
hsa-miR-1269a.t,39,1,0,-70.5
hsa-miR-1269b.t,24,1,0,-29.9
hsa-miR-127-3p.,35,1,0,-40.7
hsa-miR-127-5p.,35,1,0,-40.7
hsa-miR-1270.tx,31,1,0,-34.3
hsa-miR-1271-3p,33,1,0,-51.8
hsa-miR-1271-5p,33,1,0,-51.8
hsa-miR-1272.tx,39,1,0,-38.9
hsa-miR-1273c.t,27,1,0,-45.8
hsa-miR-1273h-3,47,1,0,-76.8
hsa-miR-1273h-5,47,1,0,-76.8
hsa-miR-1275.tx,22,1,0,-26.6
hsa-miR-1276.tx,27,1,0,-31.2
hsa-miR-1277-3p,31,1,0,-31.9
hsa-miR-1277-5p,31,1,0,-31.9
hsa-miR-1278.tx,34,1,0,-50.0
hsa-miR-1279.tx,13,1,0,-11.6
hsa-miR-128-1-5,29,1,0,-35.7
hsa-miR-128-2-5,28,1,0,-39.3
hsa-miR-128-3p.,29,1,0,-35.7
hsa-miR-1281.tx,17,1,0,-33.4
hsa-miR-1282.tx,34,1,0,-38.7
hsa-miR-1283.tx,32,1,0,-39.5
hsa-miR-1284.tx,33,2,0,-32.7
hsa-miR-1285-3p,34,1,0,-57.8
hsa-miR-1285-5p,34,1,0,-57.8
hsa-miR-1286.tx,26,1,0,-30.8
hsa-miR-1287-3p,31,1,0,-34.0
hsa-miR-1287-5p,31,1,0,-34.0
hsa-miR-1288-3p,27,1,0,-30.1
hsa-miR-1288-5p,27,1,0,-30.1
hsa-miR-1289.tx,43,1,0,-53.8
hsa-miR-129-1-3,25,1,0,-29.5
hsa-miR-129-2-3,33,1,0,-48.6
hsa-miR-129-5p.,25,1,0,-29.5
hsa-miR-1290.tx,30,1,0,-23.9
hsa-miR-1291.tx,28,1,0,-35.6
hsa-miR-1292-3p,24,1,0,-34.0
hsa-miR-1292-5p,24,1,0,-34.0
hsa-miR-1293.tx,24,1,0,-43.9
hsa-miR-1294.tx,52,1,0,-68.8
hsa-miR-1295a.t,30,1,0,-49.7
hsa-miR-1295b-3,21,1,0,-31.3
hsa-miR-1295b-5,21,1,0,-31.3
hsa-miR-1296-3p,32,1,0,-50.5
hsa-miR-1296-5p,32,1,0,-50.5
hsa-miR-1297.tx,22,1,0,-19.1
hsa-miR-1298-3p,39,1,0,-47.2
hsa-miR-1298-5p,39,1,0,-47.2
hsa-miR-1299.tx,27,1,0,-34.1
hsa-miR-1301-3p,32,1,0,-46.3
hsa-miR-1301-5p,32,1,0,-46.3
hsa-miR-1302.tx,50,1,0,-43.1
hsa-miR-1303.tx,31,1,0,-43.5
hsa-miR-1304-3p,36,1,0,-73.0
hsa-miR-1304-5p,36,1,0,-73.0
hsa-miR-1305.tx,30,1,0,-39.1
hsa-miR-1306-3p,27,1,0,-30.7
hsa-miR-1306-5p,27,1,0,-30.7
hsa-miR-1307-3p,51,1,0,-54.8
hsa-miR-1307-5p,51,1,0,-54.8
hsa-miR-130a-3p,34,1,0,-42.2
hsa-miR-130a-5p,34,1,0,-42.2
hsa-miR-130b-3p,30,1,0,-35.8
hsa-miR-130b-5p,30,1,0,-35.8
hsa-miR-132-3p.,33,1,0,-46.3
hsa-miR-132-5p.,33,1,0,-46.3
hsa-miR-1321.tx,19,1,0,-10.2
hsa-miR-1322.tx,16,2,1,-10.6
hsa-miR-1323.tx,26,1,0,-38.0
hsa-miR-1324.tx,29,1,0,-32.0
hsa-miR-133a-3p,28,1,0,-40.7
hsa-miR-133a-5p,28,1,0,-40.7
hsa-miR-133b.tx,36,2,0,-47.8
hsa-miR-134-3p.,25,1,0,-35.0
hsa-miR-134-5p.,25,1,0,-35.0
hsa-miR-1343-3p,30,1,0,-53.7
hsa-miR-1343-5p,30,1,0,-53.7
hsa-miR-135a-2-,36,1,0,-34.1
hsa-miR-135a-3p,31,1,0,-44.1
hsa-miR-135a-5p,31,1,0,-44.1
hsa-miR-135b-3p,35,1,0,-46.7
hsa-miR-135b-5p,35,1,0,-46.7
hsa-miR-136-3p.,30,1,0,-45.5
hsa-miR-136-5p.,30,1,0,-45.5
hsa-miR-137-3p.,40,1,0,-47.6
hsa-miR-137-5p.,40,1,0,-47.6
hsa-miR-138-1-3,37,1,0,-58.9
hsa-miR-138-2-3,28,1,0,-34.4
hsa-miR-138-5p.,28,1,0,-34.4
hsa-miR-139-3p.,24,1,0,-35.6
hsa-miR-139-5p.,24,1,0,-35.6
hsa-miR-140-3p.,40,1,0,-54.4
hsa-miR-140-5p.,40,1,0,-54.4
hsa-miR-141-3p.,34,1,0,-49.0
hsa-miR-141-5p.,34,1,0,-49.0
hsa-miR-142-3p.,32,1,0,-44.3
hsa-miR-142-5p.,32,1,0,-44.3
hsa-miR-143-3p.,37,1,0,-51.8
hsa-miR-143-5p.,37,1,0,-51.8
hsa-miR-144-3p.,33,1,0,-45.0
hsa-miR-144-5p.,33,1,0,-45.0
hsa-miR-145-3p.,29,1,0,-41.1
hsa-miR-145-5p.,29,1,0,-41.1
hsa-miR-1468-3p,32,1,0,-31.4
hsa-miR-1468-5p,32,1,0,-31.4
hsa-miR-1469.tx,14,1,0,-25.9
hsa-miR-146a-3p,36,1,0,-39.0
hsa-miR-146a-5p,36,1,0,-39.0
hsa-miR-146b-3p,26,1,0,-36.1
hsa-miR-146b-5p,26,1,0,-36.1
hsa-miR-1470.tx,22,1,0,-35.2
hsa-miR-1471.tx,16,1,0,-25.5
hsa-miR-147a.tx,24,1,0,-22.9
hsa-miR-147b-3p,29,1,0,-28.4
hsa-miR-147b-5p,29,1,0,-28.4
hsa-miR-148a-3p,26,1,0,-27.9
hsa-miR-148a-5p,26,1,0,-27.9
hsa-miR-148b-3p,32,1,0,-31.2
hsa-miR-148b-5p,32,1,0,-31.2
hsa-miR-149-3p.,33,1,0,-56.0
hsa-miR-149-5p.,33,1,0,-56.0
hsa-miR-150-3p.,33,1,0,-57.8
hsa-miR-150-5p.,33,1,0,-57.8
hsa-miR-151a-3p,30,2,0,-45.9
hsa-miR-151a-5p,30,2,0,-45.9
hsa-miR-151b.tx,25,1,0,-29.9
hsa-miR-152-3p.,32,1,0,-47.2
hsa-miR-152-5p.,32,1,0,-47.2
hsa-miR-153-3p.,36,1,0,-48.9
hsa-miR-153-5p.,32,1,0,-42.3
hsa-miR-1537-3p,23,1,0,-28.4
hsa-miR-1537-5p,23,1,0,-28.4
hsa-miR-1538.tx,23,1,0,-42.0
hsa-miR-1539.tx,17,1,0,-23.1
hsa-miR-154-3p.,31,1,0,-37.5
hsa-miR-154-5p.,31,1,0,-37.5
hsa-miR-155-3p.,27,1,0,-29.5
hsa-miR-155-5p.,27,1,0,-29.5
hsa-miR-1587.tx,18,1,0,-23.1
hsa-miR-15a-3p.,23,1,0,-30.5
hsa-miR-15a-5p.,23,1,0,-30.5
hsa-miR-15b-3p.,34,1,0,-29.3
hsa-miR-15b-5p.,34,1,0,-29.3
hsa-miR-16-1-3p,32,1,0,-37.0
hsa-miR-16-2-3p,25,1,0,-29.5
hsa-miR-16-5p.t,32,1,0,-37.0
hsa-miR-17-3p.t,30,1,0,-33.8
hsa-miR-17-5p.t,30,1,0,-33.8
hsa-miR-181a-2-,39,2,0,-53.7
hsa-miR-181a-3p,38,1,0,-35.9
hsa-miR-181a-5p,39,2,0,-53.7
hsa-miR-181b-2-,29,1,0,-34.7
hsa-miR-181b-3p,28,1,0,-33.2
hsa-miR-181b-5p,28,1,0,-33.2
hsa-miR-181c-3p,34,1,0,-45.2
hsa-miR-181c-5p,34,1,0,-45.2
hsa-miR-181d-3p,48,1,0,-68.1
hsa-miR-181d-5p,48,1,0,-68.1
hsa-miR-182-3p.,35,1,0,-47.6
hsa-miR-182-5p.,35,1,0,-47.6
hsa-miR-1825.tx,17,1,0,-26.1
hsa-miR-1827.tx,20,1,0,-19.1
hsa-miR-183-3p.,40,1,0,-41.2
hsa-miR-183-5p.,40,1,0,-41.2
hsa-miR-184.txt,32,1,0,-37.7
hsa-miR-1843.tx,22,1,0,-23.2
hsa-miR-185-3p.,32,1,0,-51.7
hsa-miR-185-5p.,32,1,0,-51.7
hsa-miR-186-3p.,32,1,0,-41.1
hsa-miR-186-5p.,32,1,0,-41.1
hsa-miR-187-3p.,35,1,0,-47.3
hsa-miR-187-5p.,35,1,0,-47.3
hsa-miR-188-3p.,26,1,0,-38.6
hsa-miR-188-5p.,26,1,0,-38.6
hsa-miR-18a-3p.,24,1,0,-21.1
hsa-miR-18a-5p.,24,1,0,-21.1
hsa-miR-18b-3p.,20,1,0,-18.9
hsa-miR-18b-5p.,20,1,0,-18.9
hsa-miR-1908-3p,28,1,0,-46.2
hsa-miR-1908-5p,28,1,0,-46.2
hsa-miR-1909-3p,26,1,0,-41.5
hsa-miR-1909-5p,26,1,0,-41.5
hsa-miR-190a-3p,31,1,0,-31.6
hsa-miR-190a-5p,31,1,0,-31.6
hsa-miR-190b-3p,31,1,0,-32.1
hsa-miR-190b-5p,31,1,0,-32.1
hsa-miR-191-3p.,32,1,0,-46.8
hsa-miR-191-5p.,32,1,0,-46.8
hsa-miR-1910-3p,24,1,0,-35.0
hsa-miR-1910-5p,24,1,0,-35.0
hsa-miR-1911-3p,26,1,0,-33.5
hsa-miR-1911-5p,26,1,0,-33.5
hsa-miR-1912-3p,26,1,0,-30.4
hsa-miR-1912-5p,26,1,0,-30.4
hsa-miR-1913.tx,26,1,0,-37.9
hsa-miR-1914-3p,26,1,0,-43.2
hsa-miR-1914-5p,26,1,0,-43.2
hsa-miR-1915-3p,28,1,0,-49.1
hsa-miR-1915-5p,28,1,0,-49.1
hsa-miR-192-3p.,31,1,0,-39.0
hsa-miR-192-5p.,31,1,0,-39.0
hsa-miR-193a-3p,29,1,0,-50.2
hsa-miR-193a-5p,29,1,0,-50.2
hsa-miR-193b-3p,32,1,0,-39.3
hsa-miR-193b-5p,32,1,0,-39.3
hsa-miR-194-3p.,33,1,0,-49.6
hsa-miR-194-5p.,32,1,0,-38.4
hsa-miR-195-3p.,31,1,0,-46.3
hsa-miR-195-5p.,31,1,0,-46.3
hsa-miR-196a-1-,24,1,0,-24.8
hsa-miR-196a-3p,41,1,0,-50.8
hsa-miR-196a-5p,24,1,0,-24.8
hsa-miR-196b-3p,30,1,0,-34.0
hsa-miR-196b-5p,30,1,0,-34.0
hsa-miR-197-3p.,29,1,0,-41.4
hsa-miR-197-5p.,29,1,0,-41.4
hsa-miR-1972.tx,25,1,0,-37.8
hsa-miR-1973.tx,13,1,0,-10.1
hsa-miR-1976.tx,19,1,0,-33.0
hsa-miR-198.txt,17,1,0,-13.8
hsa-miR-199a-3p,25,1,0,-28.5
hsa-miR-199a-5p,25,1,0,-28.5
hsa-miR-199b-3p,38,1,0,-42.1
hsa-miR-199b-5p,38,1,0,-42.1
hsa-miR-19a-3p.,32,1,0,-38.7
hsa-miR-19a-5p.,32,1,0,-38.7
hsa-miR-19b-1-5,33,1,0,-38.5
hsa-miR-19b-2-5,38,1,0,-39.9
hsa-miR-19b-3p.,33,1,0,-38.5
hsa-miR-200a-3p,32,1,0,-47.1
hsa-miR-200a-5p,32,1,0,-47.1
hsa-miR-200b-3p,33,1,0,-44.6
hsa-miR-200b-5p,33,1,0,-44.6
hsa-miR-200c-3p,25,1,0,-30.8
hsa-miR-200c-5p,25,1,0,-30.8
hsa-miR-202-3p.,42,1,0,-58.3
hsa-miR-202-5p.,42,1,0,-58.3
hsa-miR-203a-3p,41,1,0,-56.4
hsa-miR-203a-5p,41,1,0,-56.4
hsa-miR-203b-3p,32,1,0,-38.2
hsa-miR-203b-5p,32,1,0,-38.2
hsa-miR-204-3p.,32,1,0,-42.0
hsa-miR-204-5p.,32,1,0,-42.0
hsa-miR-205-3p.,36,1,0,-46.2
hsa-miR-205-5p.,36,1,0,-46.2
hsa-miR-2052.tx,14,1,0,-10.7
hsa-miR-2053.tx,34,1,0,-28.9
hsa-miR-2054.tx,15,1,0,-7.9
hsa-miR-206.txt,34,1,0,-43.7
hsa-miR-208a-3p,27,1,0,-32.4
hsa-miR-208a-5p,27,1,0,-32.4
hsa-miR-208b-3p,28,1,0,-31.4
hsa-miR-208b-5p,28,1,0,-31.4
hsa-miR-20a-3p.,26,1,0,-31.0
hsa-miR-20a-5p.,26,1,0,-31.0
hsa-miR-20b-3p.,24,1,0,-29.6
hsa-miR-20b-5p.,24,1,0,-29.6
hsa-miR-21-3p.t,31,1,0,-34.6
hsa-miR-21-5p.t,31,1,0,-34.6
hsa-miR-210-3p.,39,1,0,-59.5
hsa-miR-210-5p.,39,1,0,-59.5
hsa-miR-211-3p.,33,1,0,-45.5
hsa-miR-211-5p.,33,1,0,-45.5
hsa-miR-2110.tx,28,1,0,-34.6
hsa-miR-2113.tx,33,1,0,-40.5
hsa-miR-2114-3p,26,1,0,-34.0
hsa-miR-2114-5p,26,1,0,-34.0
hsa-miR-2115-3p,31,1,0,-43.0
hsa-miR-2115-5p,31,1,0,-43.0
hsa-miR-2116-3p,28,1,0,-41.6
hsa-miR-2116-5p,28,1,0,-41.6
hsa-miR-2117.tx,25,1,0,-32.5
hsa-miR-212-3p.,36,2,1,-49.9
hsa-miR-212-5p.,36,2,1,-49.9
hsa-miR-214-3p.,38,1,0,-67.5
hsa-miR-214-5p.,38,1,0,-67.5
hsa-miR-215-3p.,31,1,0,-33.0
hsa-miR-215-5p.,31,1,0,-33.0
hsa-miR-216a-3p,37,1,0,-40.3
hsa-miR-216a-5p,37,1,0,-40.3
hsa-miR-216b-3p,27,1,0,-32.3
hsa-miR-216b-5p,27,1,0,-32.3
hsa-miR-217-3p.,34,2,0,-31.6
hsa-miR-217-5p.,34,2,0,-31.6
hsa-miR-218-1-3,39,1,0,-40.0
hsa-miR-218-2-3,34,1,0,-44.6
hsa-miR-218-5p.,39,1,0,-40.0
hsa-miR-219a-1-,37,1,0,-54.2
hsa-miR-219a-2-,37,1,0,-49.8
hsa-miR-219a-5p,37,1,0,-54.2
hsa-miR-219b-3p,31,1,0,-35.1
hsa-miR-219b-5p,31,1,0,-35.1
hsa-miR-22-3p.t,33,1,0,-39.8
hsa-miR-22-5p.t,33,1,0,-39.8
hsa-miR-221-3p.,41,1,0,-46.5
hsa-miR-221-5p.,41,1,0,-46.5
hsa-miR-222-3p.,37,1,0,-53.8
hsa-miR-222-5p.,37,1,0,-53.8
hsa-miR-223-3p.,37,1,0,-47.4
hsa-miR-223-5p.,37,1,0,-47.4
hsa-miR-224-3p.,32,1,0,-37.3
hsa-miR-224-5p.,32,1,0,-37.3
hsa-miR-2276-3p,33,1,0,-42.2
hsa-miR-2276-5p,33,1,0,-42.2
hsa-miR-2277-3p,31,1,0,-54.8
hsa-miR-2277-5p,31,1,0,-54.8
hsa-miR-2278.tx,36,1,0,-41.1
hsa-miR-2355-3p,31,1,0,-31.6
hsa-miR-2355-5p,31,1,0,-31.6
hsa-miR-2392.tx,30,1,0,-39.2
hsa-miR-23a-3p.,26,1,0,-33.3
hsa-miR-23a-5p.,26,1,0,-33.3
hsa-miR-23b-3p.,34,1,0,-36.0
hsa-miR-23b-5p.,34,1,0,-36.0
hsa-miR-23c.txt,34,1,0,-33.8
hsa-miR-24-1-5p,22,1,0,-26.3
hsa-miR-24-2-5p,24,1,0,-26.0
hsa-miR-24-3p.t,22,1,0,-26.3
hsa-miR-2467-3p,31,1,0,-50.2
hsa-miR-2467-5p,31,1,0,-50.2
hsa-miR-25-3p.t,28,1,0,-35.9
hsa-miR-25-5p.t,28,1,0,-35.9
hsa-miR-2681-3p,31,1,0,-41.3
hsa-miR-2681-5p,31,1,0,-41.3
hsa-miR-2682-3p,35,1,0,-46.7
hsa-miR-2682-5p,35,1,0,-46.7
hsa-miR-26a-1-3,27,1,0,-37.3
hsa-miR-26a-2-3,29,1,0,-41.3
hsa-miR-26a-5p.,27,1,0,-37.3
hsa-miR-26b-3p.,29,1,0,-40.2
hsa-miR-26b-5p.,29,1,0,-40.2
hsa-miR-27a-3p.,29,1,0,-37.8
hsa-miR-27a-5p.,29,1,0,-37.8
hsa-miR-27b-3p.,38,1,0,-49.4
hsa-miR-27b-5p.,38,1,0,-49.4
hsa-miR-28-3p.t,34,1,0,-50.2
hsa-miR-28-5p.t,34,1,0,-50.2
hsa-miR-2861.tx,30,1,0,-54.7
hsa-miR-2909.tx,23,1,0,-25.2
hsa-miR-296-3p.,29,1,0,-41.0
hsa-miR-296-5p.,29,1,0,-41.0
hsa-miR-297.txt,28,1,0,-28.7
hsa-miR-298.txt,30,1,0,-34.1
hsa-miR-299-3p.,26,1,0,-40.3
hsa-miR-299-5p.,26,1,0,-40.3
hsa-miR-29a-3p.,22,1,0,-24.6
hsa-miR-29a-5p.,22,1,0,-24.6
hsa-miR-29b-1-5,30,1,0,-34.1
hsa-miR-29b-2-5,30,1,0,-31.1
hsa-miR-29b-3p.,30,1,0,-34.1
hsa-miR-29c-3p.,30,1,0,-34.8
hsa-miR-29c-5p.,30,1,0,-34.8
hsa-miR-300.txt,24,1,0,-21.6
hsa-miR-301a-3p,29,1,0,-30.2
hsa-miR-301a-5p,29,1,0,-30.2
hsa-miR-301b-3p,25,1,0,-31.1
hsa-miR-301b-5p,25,1,0,-31.1
hsa-miR-302a-3p,26,1,0,-33.5
hsa-miR-302a-5p,26,1,0,-33.5
hsa-miR-302b-3p,23,1,0,-28.5
hsa-miR-302b-5p,23,1,0,-28.5
hsa-miR-302c-3p,27,1,0,-31.3
hsa-miR-302c-5p,27,1,0,-31.3
hsa-miR-302d-3p,25,1,0,-29.5
hsa-miR-302d-5p,25,1,0,-29.5
hsa-miR-302e.tx,19,1,0,-21.5
hsa-miR-302f.tx,16,1,0,-10.5
hsa-miR-3059-3p,29,1,0,-37.4
hsa-miR-3059-5p,29,1,0,-37.4
hsa-miR-3064-3p,22,1,0,-23.0
hsa-miR-3064-5p,22,1,0,-23.0
hsa-miR-3065-3p,29,1,0,-35.4
hsa-miR-3065-5p,29,1,0,-35.4
hsa-miR-3074-3p,26,1,0,-35.0
hsa-miR-3074-5p,26,1,0,-35.0
hsa-miR-3085-3p,29,1,0,-39.5
hsa-miR-3085-5p,29,1,0,-39.5
hsa-miR-30a-3p.,28,1,0,-37.2
hsa-miR-30a-5p.,28,1,0,-37.2
hsa-miR-30b-3p.,30,1,0,-36.9
hsa-miR-30b-5p.,30,1,0,-36.9
hsa-miR-30c-1-3,31,1,0,-34.3
hsa-miR-30c-2-3,21,1,0,-25.4
hsa-miR-30c-5p.,21,1,0,-25.4
hsa-miR-30d-3p.,21,1,0,-28.1
hsa-miR-30d-5p.,21,1,0,-28.1
hsa-miR-30e-3p.,35,1,0,-52.1
hsa-miR-30e-5p.,35,1,0,-52.1
hsa-miR-31-3p.t,26,1,0,-36.8
hsa-miR-31-5p.t,26,1,0,-36.8
hsa-miR-3115.tx,26,1,0,-24.1
hsa-miR-3116.tx,31,1,0,-57.7
hsa-miR-3117-3p,29,1,0,-30.1
hsa-miR-3117-5p,29,1,0,-30.1
hsa-miR-3118.tx,27,1,0,-23.2
hsa-miR-3119.tx,35,1,0,-49.5
hsa-miR-3120-3p,31,1,0,-46.7
hsa-miR-3120-5p,31,1,0,-46.7
hsa-miR-3121-3p,31,1,0,-39.7
hsa-miR-3121-5p,31,1,0,-39.7
hsa-miR-3122.tx,30,1,0,-48.6
hsa-miR-3123.tx,27,1,0,-29.9
hsa-miR-3124-3p,26,1,0,-32.4
hsa-miR-3124-5p,26,1,0,-32.4
hsa-miR-3125.tx,26,1,0,-32.0
hsa-miR-3126-3p,24,1,0,-27.1
hsa-miR-3126-5p,24,1,0,-27.1
hsa-miR-3127-3p,28,1,0,-47.0
hsa-miR-3127-5p,28,1,0,-47.0
hsa-miR-3128.tx,25,1,0,-34.8
hsa-miR-3129-3p,28,1,0,-48.3
hsa-miR-3129-5p,28,1,0,-48.3
hsa-miR-3130-3p,33,1,0,-71.2
hsa-miR-3130-5p,33,1,0,-71.2
hsa-miR-3131.tx,22,1,0,-29.8
hsa-miR-3132.tx,28,1,0,-39.3
hsa-miR-3133.tx,29,1,0,-33.5
hsa-miR-3134.tx,30,1,0,-41.5
hsa-miR-3135a.t,28,1,0,-32.8
hsa-miR-3135b.t,24,1,0,-34.2
hsa-miR-3136-3p,31,1,0,-40.2
hsa-miR-3136-5p,31,1,0,-40.2
hsa-miR-3137.tx,30,1,0,-45.0
hsa-miR-3138.tx,31,1,0,-59.2
hsa-miR-3139.tx,23,1,0,-31.8
hsa-miR-3140-3p,33,1,0,-43.8
hsa-miR-3140-5p,33,1,0,-43.8
hsa-miR-3141.tx,21,1,0,-36.8
hsa-miR-3142.tx,31,1,0,-45.4
hsa-miR-3143.tx,22,1,0,-20.2
hsa-miR-3144-3p,30,1,0,-37.2
hsa-miR-3144-5p,30,1,0,-37.2
hsa-miR-3145-3p,34,1,0,-43.3
hsa-miR-3145-5p,34,1,0,-43.3
hsa-miR-3146.tx,34,1,0,-46.6
hsa-miR-3147.tx,26,1,0,-36.8
hsa-miR-3148.tx,32,1,0,-44.1
hsa-miR-3149.tx,32,1,0,-40.9
hsa-miR-3150a-3,34,1,0,-64.4
hsa-miR-3150a-5,34,1,0,-64.4
hsa-miR-3150b-3,36,1,0,-70.8
hsa-miR-3150b-5,36,1,0,-70.8
hsa-miR-3151-3p,30,1,0,-55.1
hsa-miR-3151-5p,30,1,0,-55.1
hsa-miR-3152-3p,30,1,0,-49.7
hsa-miR-3152-5p,30,1,0,-49.7
hsa-miR-3153.tx,34,1,0,-44.7
hsa-miR-3154.tx,30,1,0,-44.5
hsa-miR-3155a.t,35,1,0,-70.2
hsa-miR-3155b.t,21,1,0,-43.8
hsa-miR-3156-3p,29,1,0,-48.4
hsa-miR-3156-5p,29,1,0,-48.4
hsa-miR-3157-3p,35,1,0,-51.5
hsa-miR-3157-5p,35,1,0,-51.5
hsa-miR-3158-3p,36,1,0,-73.7
hsa-miR-3158-5p,36,1,0,-73.7
hsa-miR-3159.tx,29,1,0,-35.3
hsa-miR-3160-3p,39,1,0,-81.8
hsa-miR-3160-5p,39,1,0,-81.8
hsa-miR-3161.tx,29,1,0,-33.6
hsa-miR-3162-3p,31,1,0,-47.2
hsa-miR-3162-5p,31,1,0,-47.2
hsa-miR-3163.tx,27,1,0,-40.5
hsa-miR-3164.tx,32,1,0,-46.8
hsa-miR-3165.tx,32,1,0,-52.9
hsa-miR-3166.tx,37,1,0,-61.0
hsa-miR-3167.tx,37,1,0,-54.2
hsa-miR-3168.tx,27,1,0,-29.5
hsa-miR-3169.tx,34,1,0,-55.1
hsa-miR-3170.tx,30,1,0,-48.9
hsa-miR-3171.tx,30,1,0,-30.9
hsa-miR-3173-3p,28,1,0,-47.6
hsa-miR-3173-5p,28,1,0,-47.6
hsa-miR-3174.tx,31,1,0,-34.0
hsa-miR-3175.tx,28,1,0,-40.8
hsa-miR-3176.tx,31,1,0,-51.9
hsa-miR-3177-3p,30,1,0,-44.9
hsa-miR-3177-5p,30,1,0,-44.9
hsa-miR-3178.tx,30,1,0,-46.6
hsa-miR-3179.tx,36,1,0,-61.1
hsa-miR-3180-3p,33,1,0,-61.0
hsa-miR-3180-5p,33,1,0,-61.0
hsa-miR-3180.tx,58,1,0,-99.6
hsa-miR-3181.tx,26,1,0,-52.7
hsa-miR-3182.tx,23,1,0,-25.0
hsa-miR-3183.tx,32,1,0,-48.5
hsa-miR-3184-3p,25,1,0,-30.6
hsa-miR-3184-5p,25,1,0,-30.6
hsa-miR-3185.tx,22,1,0,-39.8
hsa-miR-3186-3p,33,1,0,-44.9
hsa-miR-3186-5p,33,1,0,-44.9
hsa-miR-3187-3p,25,1,0,-46.1
hsa-miR-3187-5p,25,1,0,-46.1
hsa-miR-3188.tx,31,1,0,-48.6
hsa-miR-3189-3p,27,1,0,-36.5
hsa-miR-3189-5p,27,1,0,-36.5
hsa-miR-3190-3p,31,1,0,-55.6
hsa-miR-3190-5p,31,1,0,-55.6
hsa-miR-3191-3p,30,1,0,-48.3
hsa-miR-3191-5p,30,1,0,-48.3
hsa-miR-3192-3p,27,1,0,-29.2
hsa-miR-3192-5p,27,1,0,-29.2
hsa-miR-3193.tx,21,1,0,-26.7
hsa-miR-3194-3p,25,1,0,-43.4
hsa-miR-3194-5p,25,1,0,-43.4
hsa-miR-3195.tx,26,1,0,-58.9
hsa-miR-3196.tx,21,1,0,-35.9
hsa-miR-3197.tx,25,1,0,-38.9
hsa-miR-3198.tx,32,1,0,-48.8
hsa-miR-3199.tx,40,1,0,-73.6
hsa-miR-32-3p.t,29,1,0,-30.0
hsa-miR-32-5p.t,29,1,0,-30.0
hsa-miR-3200-3p,32,1,0,-33.2
hsa-miR-3200-5p,32,1,0,-33.2
hsa-miR-3201.tx,19,1,0,-22.8
hsa-miR-3202.tx,36,1,0,-51.2
hsa-miR-320a-3p,24,1,0,-41.8
hsa-miR-320a-5p,24,1,0,-41.8
hsa-miR-320b.tx,18,1,0,-26.3
hsa-miR-320c.tx,18,1,0,-30.7
hsa-miR-320d.tx,18,1,0,-23.0
hsa-miR-320e.tx,20,1,0,-33.3
hsa-miR-323a-3p,27,1,0,-38.5
hsa-miR-323a-5p,27,1,0,-38.5
hsa-miR-323b-3p,30,1,0,-40.2
hsa-miR-323b-5p,30,1,0,-40.2
hsa-miR-324-3p.,28,1,0,-36.8
hsa-miR-324-5p.,28,1,0,-36.8
hsa-miR-325.txt,32,1,0,-32.6
hsa-miR-326.txt,32,1,0,-54.7
hsa-miR-328-3p.,26,1,0,-43.7
hsa-miR-328-5p.,26,1,0,-43.7
hsa-miR-329-3p.,29,1,0,-32.6
hsa-miR-329-5p.,29,1,0,-32.6
hsa-miR-330-3p.,31,1,0,-46.9
hsa-miR-330-5p.,31,1,0,-46.9
hsa-miR-331-3p.,29,1,0,-43.4
hsa-miR-331-5p.,29,1,0,-43.4
hsa-miR-335-3p.,30,1,0,-40.2
hsa-miR-335-5p.,30,1,0,-40.2
hsa-miR-337-3p.,30,1,0,-40.4
hsa-miR-337-5p.,30,1,0,-40.4
hsa-miR-338-3p.,23,1,0,-26.9
hsa-miR-338-5p.,23,1,0,-26.9
hsa-miR-339-3p.,30,1,0,-47.4
hsa-miR-339-5p.,30,1,0,-47.4
hsa-miR-33a-3p.,27,1,0,-36.4
hsa-miR-33a-5p.,27,1,0,-36.4
hsa-miR-33b-3p.,35,1,0,-60.2
hsa-miR-33b-5p.,35,1,0,-60.2
hsa-miR-340-3p.,33,1,0,-35.8
hsa-miR-340-5p.,33,1,0,-35.8
hsa-miR-342-3p.,33,1,0,-47.7
hsa-miR-342-5p.,33,1,0,-47.7
hsa-miR-345-3p.,32,1,0,-51.9
hsa-miR-345-5p.,32,1,0,-51.9
hsa-miR-346.txt,32,1,0,-48.1
hsa-miR-34a-3p.,41,1,0,-47.2
hsa-miR-34a-5p.,41,1,0,-47.2
hsa-miR-34b-3p.,29,1,0,-32.8
hsa-miR-34b-5p.,29,1,0,-32.8
hsa-miR-34c-3p.,28,1,0,-28.0
hsa-miR-34c-5p.,28,1,0,-28.0
hsa-miR-3529-3p,28,1,0,-33.7
hsa-miR-3529-5p,28,1,0,-33.7
hsa-miR-3605-3p,23,1,0,-29.6
hsa-miR-3605-5p,23,1,0,-29.6
hsa-miR-3606-3p,20,1,0,-20.1
hsa-miR-3606-5p,20,1,0,-20.1
hsa-miR-3609.tx,27,1,0,-25.8
hsa-miR-361-3p.,24,1,0,-31.4
hsa-miR-361-5p.,24,1,0,-31.4
hsa-miR-3610.tx,24,1,0,-32.1
hsa-miR-3611.tx,31,1,0,-31.1
hsa-miR-3612.tx,28,1,0,-34.5
hsa-miR-3613-3p,29,1,0,-26.3
hsa-miR-3613-5p,29,1,0,-26.3
hsa-miR-3614-3p,26,1,0,-41.2
hsa-miR-3614-5p,26,1,0,-41.2
hsa-miR-3615.tx,29,1,0,-45.4
hsa-miR-3616-3p,37,1,0,-55.6
hsa-miR-3616-5p,37,1,0,-55.6
hsa-miR-3617-3p,27,1,0,-27.8
hsa-miR-3617-5p,27,1,0,-27.8
hsa-miR-3618.tx,30,1,0,-29.9
hsa-miR-3619-3p,32,1,0,-48.9
hsa-miR-3619-5p,32,1,0,-48.9
hsa-miR-362-3p.,25,1,0,-31.5
hsa-miR-362-5p.,25,1,0,-31.5
hsa-miR-3620-3p,24,1,0,-34.5
hsa-miR-3620-5p,24,1,0,-34.5
hsa-miR-3621.tx,25,1,0,-41.0
hsa-miR-3622a-3,35,1,0,-68.1
hsa-miR-3622a-5,35,1,0,-68.1
hsa-miR-3622b-3,37,1,0,-73.6
hsa-miR-3622b-5,37,1,0,-73.6
hsa-miR-363-3p.,22,1,0,-26.2
hsa-miR-363-5p.,22,1,0,-26.2
hsa-miR-3646.tx,34,1,0,-49.4
hsa-miR-3648.tx,73,1,0,-144.4
hsa-miR-3649.tx,22,1,0,-28.3
hsa-miR-3650.tx,21,1,0,-23.5
hsa-miR-3651.tx,29,1,0,-27.8
hsa-miR-3652.tx,45,1,0,-56.2
hsa-miR-3654.tx,16,1,0,-16.0
hsa-miR-3655.tx,28,1,0,-30.2
hsa-miR-3657.tx,51,1,0,-63.5
hsa-miR-3658.tx,12,1,0,-4.1
hsa-miR-3659.tx,40,1,0,-60.9
hsa-miR-365a-3p,30,1,0,-34.5
hsa-miR-365a-5p,30,1,0,-34.5
hsa-miR-365b-3p,35,1,0,-39.3
hsa-miR-365b-5p,35,1,0,-39.3
hsa-miR-3660.tx,36,1,0,-43.1
hsa-miR-3661.tx,29,1,0,-34.4
hsa-miR-3662.tx,27,1,0,-19.5
hsa-miR-3663-3p,39,1,0,-69.0
hsa-miR-3663-5p,39,1,0,-69.0
hsa-miR-3664-3p,35,1,0,-52.4
hsa-miR-3664-5p,35,1,0,-52.4
hsa-miR-3665.tx,39,1,0,-64.4
hsa-miR-3666.tx,36,1,0,-32.3
hsa-miR-3667-3p,30,1,0,-51.6
hsa-miR-3667-5p,30,1,0,-51.6
hsa-miR-3668.tx,32,1,0,-33.7
hsa-miR-367-3p.,25,1,0,-29.1
hsa-miR-367-5p.,25,1,0,-29.1
hsa-miR-3670.tx,22,1,0,-24.2
hsa-miR-3671.tx,27,1,0,-20.7
hsa-miR-3672.tx,33,1,0,-42.5
hsa-miR-3674.tx,23,1,0,-16.1
hsa-miR-3675-3p,27,1,0,-24.1
hsa-miR-3675-5p,27,1,0,-24.1
hsa-miR-3677-3p,22,1,0,-38.8
hsa-miR-3677-5p,22,1,0,-38.8
hsa-miR-3678-3p,37,1,0,-60.0
hsa-miR-3678-5p,37,1,0,-60.0
hsa-miR-3679-3p,24,1,0,-33.9
hsa-miR-3679-5p,24,1,0,-33.9
hsa-miR-3680-3p,34,1,0,-45.7
hsa-miR-3680-5p,34,1,0,-45.7
hsa-miR-3681-3p,30,1,0,-53.1
hsa-miR-3681-5p,30,1,0,-53.1
hsa-miR-3682-3p,37,1,0,-46.9
hsa-miR-3682-5p,37,1,0,-46.9
hsa-miR-3683.tx,27,1,0,-39.6
hsa-miR-3684.tx,29,1,0,-43.2
hsa-miR-3685.tx,23,1,0,-23.6
hsa-miR-3686.tx,36,1,0,-54.4
hsa-miR-3688-3p,38,1,0,-57.0
hsa-miR-3688-5p,38,1,0,-57.0
hsa-miR-3689a-3,32,1,0,-41.6
hsa-miR-3689a-5,32,1,0,-41.6
hsa-miR-3689b-3,59,1,0,-73.9
hsa-miR-3689b-5,59,1,0,-73.9
hsa-miR-3689c.t,30,1,0,-27.3
hsa-miR-3689d.t,24,1,0,-32.1
hsa-miR-3689e.t,26,1,0,-33.9
hsa-miR-3689f.t,24,1,0,-28.8
hsa-miR-369-3p.,24,1,0,-28.1
hsa-miR-369-5p.,24,1,0,-28.1
hsa-miR-3690.tx,24,1,0,-32.8
hsa-miR-3691-3p,35,1,0,-63.0
hsa-miR-3691-5p,35,1,0,-63.0
hsa-miR-3692-3p,23,1,0,-30.2
hsa-miR-3692-5p,23,1,0,-30.2
hsa-miR-370-3p.,25,1,0,-31.6
hsa-miR-370-5p.,25,1,0,-31.6
hsa-miR-3713.tx,19,1,0,-34.9
hsa-miR-3714.tx,19,1,0,-31.1
hsa-miR-371a-3p,27,1,0,-39.2
hsa-miR-371a-5p,27,1,0,-39.2
hsa-miR-371b-3p,19,1,0,-28.3
hsa-miR-371b-5p,19,1,0,-28.3
hsa-miR-372-3p.,23,1,0,-27.4
hsa-miR-372-5p.,23,1,0,-27.4
hsa-miR-373-3p.,25,1,0,-36.4
hsa-miR-373-5p.,25,1,0,-36.4
hsa-miR-374a-3p,30,1,0,-34.5
hsa-miR-374a-5p,30,1,0,-34.5
hsa-miR-374b-3p,29,1,0,-40.3
hsa-miR-374b-5p,29,1,0,-40.3
hsa-miR-374c-3p,23,1,0,-36.5
hsa-miR-374c-5p,23,1,0,-36.5
hsa-miR-375-3p.,20,1,0,-26.8
hsa-miR-375-5p.,20,1,0,-26.8
hsa-miR-376a-2-,32,1,0,-29.0
hsa-miR-376a-3p,22,1,0,-18.2
hsa-miR-376a-5p,22,1,0,-18.2
hsa-miR-376b-3p,35,1,0,-33.6
hsa-miR-376b-5p,35,1,0,-33.6
hsa-miR-376c-3p,22,1,0,-24.9
hsa-miR-376c-5p,22,1,0,-24.9
hsa-miR-377-3p.,25,1,0,-27.7
hsa-miR-377-5p.,25,1,0,-27.7
hsa-miR-378a-3p,23,1,0,-38.5
hsa-miR-378a-5p,23,1,0,-38.5
hsa-miR-378b.tx,20,1,0,-26.4
hsa-miR-378c.tx,28,1,0,-36.7
hsa-miR-378d.tx,34,1,0,-28.4
hsa-miR-378e.tx,22,1,0,-35.4
hsa-miR-378f.tx,23,1,0,-22.3
hsa-miR-378g.tx,14,1,0,-27.5
hsa-miR-378h.tx,27,1,0,-24.3
hsa-miR-378i.tx,25,1,0,-23.1
hsa-miR-378j.tx,34,2,0,-33.4
hsa-miR-379-3p.,23,1,0,-26.3
hsa-miR-379-5p.,23,1,0,-26.3
hsa-miR-380-3p.,22,1,0,-24.5
hsa-miR-380-5p.,22,1,0,-24.5
hsa-miR-381-3p.,28,1,0,-35.5
hsa-miR-381-5p.,28,1,0,-35.5
hsa-miR-382-3p.,28,1,0,-29.1
hsa-miR-382-5p.,28,1,0,-29.1
hsa-miR-383-3p.,25,1,0,-28.1
hsa-miR-383-5p.,25,1,0,-28.1
hsa-miR-384.txt,28,1,0,-14.9
hsa-miR-3907.tx,52,1,0,-77.0
hsa-miR-3908.tx,43,1,0,-35.9
hsa-miR-3909.tx,42,1,0,-56.9
hsa-miR-3910.tx,45,1,0,-57.0
hsa-miR-3911.tx,38,1,0,-44.1
hsa-miR-3912-3p,46,1,0,-63.2
hsa-miR-3912-5p,46,1,0,-63.2
hsa-miR-3913-3p,47,1,0,-78.9
hsa-miR-3913-5p,47,1,0,-78.9
hsa-miR-3914.tx,41,1,0,-54.9
hsa-miR-3915.tx,41,1,0,-53.4
hsa-miR-3916.tx,30,1,0,-31.2
hsa-miR-3917.tx,29,1,0,-38.7
hsa-miR-3918.tx,34,1,0,-49.3
hsa-miR-3919.tx,35,1,0,-62.6
hsa-miR-3920.tx,37,1,0,-61.6
hsa-miR-3921.tx,38,1,0,-73.7
hsa-miR-3922-3p,35,1,0,-68.6
hsa-miR-3922-5p,35,1,0,-68.6
hsa-miR-3923.tx,37,1,0,-56.1
hsa-miR-3924.tx,34,1,0,-34.3
hsa-miR-3925-3p,31,1,0,-49.4
hsa-miR-3925-5p,31,1,0,-49.4
hsa-miR-3926.tx,31,1,0,-60.8
hsa-miR-3927-3p,30,1,0,-47.1
hsa-miR-3927-5p,30,1,0,-47.1
hsa-miR-3928-3p,22,1,0,-40.1
hsa-miR-3928-5p,22,1,0,-40.1
hsa-miR-3929.tx,20,1,0,-25.7
hsa-miR-3934-3p,32,1,0,-43.1
hsa-miR-3934-5p,32,1,0,-43.1
hsa-miR-3935.tx,35,1,0,-37.8
hsa-miR-3936.tx,30,1,0,-43.0
hsa-miR-3937.tx,40,1,0,-65.5
hsa-miR-3938.tx,38,1,0,-49.0
hsa-miR-3939.tx,30,1,0,-38.7
hsa-miR-3940-3p,33,1,0,-46.8
hsa-miR-3940-5p,33,1,0,-46.8
hsa-miR-3941.tx,35,1,0,-53.0
hsa-miR-3942-3p,40,1,0,-43.7
hsa-miR-3942-5p,40,1,0,-43.7
hsa-miR-3943.tx,32,2,0,-54.3
hsa-miR-3944-3p,34,1,0,-62.4
hsa-miR-3944-5p,34,1,0,-62.4
hsa-miR-3945.tx,30,1,0,-30.5
hsa-miR-3960.tx,36,1,0,-71.3
hsa-miR-3972.tx,27,1,0,-41.1
hsa-miR-3973.tx,38,1,0,-30.5
hsa-miR-3974.tx,26,1,0,-15.5
hsa-miR-3975.tx,26,1,0,-15.1
hsa-miR-3976.tx,50,1,0,-38.6
hsa-miR-3977.tx,21,1,0,-16.3
hsa-miR-3978.tx,34,1,0,-36.6
hsa-miR-409-3p.,30,1,0,-36.7
hsa-miR-409-5p.,30,1,0,-36.7
hsa-miR-410-3p.,30,1,0,-35.9
hsa-miR-410-5p.,30,1,0,-35.9
hsa-miR-411-3p.,28,1,0,-30.6
hsa-miR-411-5p.,28,1,0,-30.6
hsa-miR-412-3p.,32,1,0,-34.3
hsa-miR-412-5p.,32,1,0,-34.3
hsa-miR-421.txt,28,1,0,-35.0
hsa-miR-422a.tx,31,1,0,-38.7
hsa-miR-423-3p.,30,1,0,-48.8
hsa-miR-423-5p.,30,1,0,-48.8
hsa-miR-424-3p.,31,1,0,-41.8
hsa-miR-424-5p.,31,1,0,-41.8
hsa-miR-425-3p.,28,1,0,-34.5
hsa-miR-425-5p.,28,1,0,-34.5
hsa-miR-4251.tx,19,1,0,-13.8
hsa-miR-4252.tx,19,1,0,-32.4
hsa-miR-4253.tx,20,1,0,-27.5
hsa-miR-4254.tx,26,1,0,-45.5
hsa-miR-4255.tx,24,1,0,-20.6
hsa-miR-4256.tx,17,1,0,-20.0
hsa-miR-4257.tx,25,1,0,-29.9
hsa-miR-4258.tx,32,1,0,-54.2
hsa-miR-4259.tx,32,1,0,-39.5
hsa-miR-4260.tx,16,1,0,-23.9
hsa-miR-4261.tx,17,1,0,-24.8
hsa-miR-4262.tx,17,1,0,-25.0
hsa-miR-4263.tx,22,1,0,-19.3
hsa-miR-4264.tx,18,1,0,-19.9
hsa-miR-4265.tx,35,1,0,-39.8
hsa-miR-4266.tx,19,1,0,-29.8
hsa-miR-4267.tx,21,1,0,-34.4
hsa-miR-4268.tx,20,1,0,-26.1
hsa-miR-4269.tx,25,1,0,-35.8
hsa-miR-4270.tx,18,1,0,-27.3
hsa-miR-4271.tx,23,1,0,-25.6
hsa-miR-4272.tx,19,1,0,-11.8
hsa-miR-4273.tx,27,1,0,-26.1
hsa-miR-4274.tx,30,1,0,-39.6
hsa-miR-4275.tx,28,1,0,-20.1
hsa-miR-4276.tx,21,1,0,-21.6
hsa-miR-4277.tx,25,1,0,-36.8
hsa-miR-4278.tx,21,1,0,-18.4
hsa-miR-4279.tx,16,1,0,-21.9
hsa-miR-4280.tx,27,1,0,-28.2
hsa-miR-4281.tx,21,1,0,-32.6
hsa-miR-4282.tx,24,1,0,-22.6
hsa-miR-4283.tx,23,1,0,-25.5
hsa-miR-4284.tx,25,1,0,-24.2
hsa-miR-4285.tx,19,1,0,-25.8
hsa-miR-4286.tx,27,1,0,-27.1
hsa-miR-4287.tx,26,1,0,-27.4
hsa-miR-4288.tx,22,1,0,-34.5
hsa-miR-4289.tx,22,1,0,-29.2
hsa-miR-429.txt,28,1,0,-38.8
hsa-miR-4290.tx,28,1,0,-37.6
hsa-miR-4291.tx,21,1,0,-32.1
hsa-miR-4292.tx,20,1,0,-29.2
hsa-miR-4293.tx,22,1,0,-22.7
hsa-miR-4294.tx,24,1,0,-35.0
hsa-miR-4295.tx,29,1,0,-31.1
hsa-miR-4296.tx,24,1,0,-33.6
hsa-miR-4297.tx,27,1,0,-37.5
hsa-miR-4298.tx,21,1,0,-24.8
hsa-miR-4299.tx,23,1,0,-29.8
hsa-miR-4300.tx,30,1,0,-31.9
hsa-miR-4301.tx,23,1,0,-24.6
hsa-miR-4302.tx,17,1,0,-17.7
hsa-miR-4303.tx,20,1,0,-29.3
hsa-miR-4304.tx,23,1,0,-32.5
hsa-miR-4305.tx,30,1,0,-32.8
hsa-miR-4306.tx,26,1,0,-29.7
hsa-miR-4307.tx,26,1,0,-23.1
hsa-miR-4308.tx,28,1,0,-33.3
hsa-miR-4309.tx,26,1,0,-33.3
hsa-miR-431-3p.,34,1,0,-43.4
hsa-miR-431-5p.,34,1,0,-43.4
hsa-miR-4310.tx,19,1,0,-26.3
hsa-miR-4311.tx,33,1,0,-43.3
hsa-miR-4312.tx,24,1,0,-32.8
hsa-miR-4313.tx,31,1,0,-52.6
hsa-miR-4314.tx,27,1,0,-36.3
hsa-miR-4315.tx,21,1,0,-18.5
hsa-miR-4316.tx,21,1,0,-27.8
hsa-miR-4317.tx,18,1,0,-16.3
hsa-miR-4318.tx,25,1,0,-21.3
hsa-miR-4319.tx,27,1,0,-32.1
hsa-miR-432-3p.,35,1,0,-42.6
hsa-miR-432-5p.,35,1,0,-42.6
hsa-miR-4320.tx,20,1,0,-17.1
hsa-miR-4321.tx,26,1,0,-38.5
hsa-miR-4322.tx,25,1,0,-41.5
hsa-miR-4323.tx,25,1,0,-42.4
hsa-miR-4324.tx,23,1,0,-28.0
hsa-miR-4325.tx,24,1,0,-27.5
hsa-miR-4326.tx,20,1,0,-26.4
hsa-miR-4327.tx,27,1,0,-31.9
hsa-miR-4328.tx,20,1,0,-18.7
hsa-miR-4329.tx,20,1,0,-21.3
hsa-miR-433-3p.,31,1,0,-38.4
hsa-miR-433-5p.,31,1,0,-38.4
hsa-miR-4330.tx,35,1,0,-46.1
hsa-miR-4418.tx,24,1,0,-20.0
hsa-miR-4420.tx,29,1,0,-27.4
hsa-miR-4421.tx,23,1,0,-26.5
hsa-miR-4422.tx,31,1,0,-46.9
hsa-miR-4423-3p,28,1,0,-30.6
hsa-miR-4423-5p,28,1,0,-30.6
hsa-miR-4424.tx,35,1,0,-53.9
hsa-miR-4425.tx,33,1,0,-53.7
hsa-miR-4426.tx,13,1,0,-12.2
hsa-miR-4427.tx,28,1,0,-27.0
hsa-miR-4428.tx,27,1,0,-35.6
hsa-miR-4429.tx,22,1,0,-23.6
hsa-miR-4430.tx,14,1,0,-19.2
hsa-miR-4431.tx,34,1,0,-47.1
hsa-miR-4432.tx,31,1,0,-40.2
hsa-miR-4433a-3,32,1,0,-57.6
hsa-miR-4433a-5,32,1,0,-57.6
hsa-miR-4433b-3,37,1,0,-74.3
hsa-miR-4433b-5,37,1,0,-74.3
hsa-miR-4434.tx,19,1,0,-18.3
hsa-miR-4435.tx,24,1,0,-29.2
hsa-miR-4436a.t,32,1,0,-53.9
hsa-miR-4436b-3,36,1,0,-65.8
hsa-miR-4436b-5,36,1,0,-65.8
hsa-miR-4437.tx,22,1,0,-34.4
hsa-miR-4438.tx,38,1,0,-66.9
hsa-miR-4439.tx,29,1,0,-34.6
hsa-miR-4440.tx,33,1,0,-37.8
hsa-miR-4441.tx,36,1,0,-50.8
hsa-miR-4442.tx,21,1,0,-29.2
hsa-miR-4443.tx,19,1,0,-25.4
hsa-miR-4444.tx,26,1,0,-37.4
hsa-miR-4445-3p,26,1,0,-41.0
hsa-miR-4445-5p,26,1,0,-41.0
hsa-miR-4446-3p,21,1,0,-26.0
hsa-miR-4446-5p,21,1,0,-26.0
hsa-miR-4447.tx,33,1,0,-21.0
hsa-miR-4448.tx,24,1,0,-32.5
hsa-miR-4449.tx,23,1,0,-47.5
hsa-miR-4450.tx,23,1,0,-25.7
hsa-miR-4451.tx,22,1,0,-25.1
hsa-miR-4452.tx,29,1,0,-52.5
hsa-miR-4453.tx,30,1,0,-40.0
hsa-miR-4454.tx,14,1,0,-14.2
hsa-miR-4455.tx,18,1,0,-20.6
hsa-miR-4456.tx,17,1,0,-20.2
hsa-miR-4457.tx,27,1,0,-38.3
hsa-miR-4458.tx,26,1,0,-26.8
hsa-miR-4460.tx,34,1,0,-54.7
hsa-miR-4462.tx,21,1,0,-34.5
hsa-miR-4463.tx,22,1,0,-29.9
hsa-miR-4464.tx,37,1,0,-55.4
hsa-miR-4465.tx,29,1,0,-50.8
hsa-miR-4466.tx,19,1,0,-37.8
hsa-miR-4467.tx,20,1,0,-31.3
hsa-miR-4468.tx,21,1,0,-29.6
hsa-miR-4469.tx,28,1,0,-51.0
hsa-miR-4470.tx,29,1,0,-44.6
hsa-miR-4471.tx,35,1,0,-52.2
hsa-miR-4472.tx,28,1,0,-32.2
hsa-miR-4473.tx,38,1,0,-53.6
hsa-miR-4474-3p,32,1,0,-55.3
hsa-miR-4474-5p,32,1,0,-55.3
hsa-miR-4475.tx,22,1,0,-24.4
hsa-miR-4476.tx,26,1,0,-43.4
hsa-miR-4477a.t,31,1,0,-53.6
hsa-miR-4477b.t,32,1,0,-55.0
hsa-miR-4478.tx,29,1,0,-37.9
hsa-miR-4479.tx,18,1,0,-34.7
hsa-miR-448.txt,36,1,0,-51.2
hsa-miR-4480.tx,24,1,0,-32.4
hsa-miR-4481.tx,16,1,0,-17.3
hsa-miR-4482-3p,22,1,0,-29.3
hsa-miR-4482-5p,22,1,0,-29.3
hsa-miR-4483.tx,22,1,0,-15.6
hsa-miR-4484.tx,33,1,0,-37.5
hsa-miR-4485-3p,14,1,0,-16.6
hsa-miR-4485-5p,14,1,0,-16.6
hsa-miR-4486.tx,21,1,0,-29.7
hsa-miR-4487.tx,29,1,0,-61.5
hsa-miR-4488.tx,22,1,0,-39.7
hsa-miR-4489.tx,20,1,0,-25.9
hsa-miR-4490.tx,32,1,0,-46.2
hsa-miR-4491.tx,25,1,0,-41.3
hsa-miR-4492.tx,23,1,0,-37.2
hsa-miR-4493.tx,23,1,0,-37.9
hsa-miR-4494.tx,28,1,0,-43.3
hsa-miR-4495.tx,25,1,0,-32.5
hsa-miR-4496.tx,16,1,0,-15.6
hsa-miR-4497.tx,32,1,0,-59.3
hsa-miR-4498.tx,23,1,0,-27.4
hsa-miR-4499.tx,20,1,0,-25.7
hsa-miR-449a.tx,37,1,0,-38.4
hsa-miR-449b-3p,31,1,0,-35.7
hsa-miR-449b-5p,31,1,0,-35.7
hsa-miR-449c-3p,36,1,0,-44.6
hsa-miR-449c-5p,36,1,0,-44.6
hsa-miR-4500.tx,23,1,0,-25.1
hsa-miR-4501.tx,19,1,0,-16.8
hsa-miR-4502.tx,27,1,0,-35.4
hsa-miR-4503.tx,34,1,0,-43.9
hsa-miR-4504.tx,38,1,0,-59.3
hsa-miR-4505.tx,23,1,0,-36.4
hsa-miR-4506.tx,28,1,0,-31.8
hsa-miR-4507.tx,16,1,0,-28.3
hsa-miR-4508.tx,23,1,0,-37.5
hsa-miR-4509.tx,36,1,0,-47.4
hsa-miR-450a-1-,30,1,0,-34.7
hsa-miR-450a-2-,31,1,0,-34.8
hsa-miR-450a-5p,30,1,0,-34.7
hsa-miR-450b-3p,27,1,0,-22.8
hsa-miR-450b-5p,27,1,0,-22.8
hsa-miR-4510.tx,23,1,0,-21.0
hsa-miR-4511.tx,36,1,0,-57.1
hsa-miR-4512.tx,27,1,0,-45.1
hsa-miR-4513.tx,30,1,0,-41.3
hsa-miR-4514.tx,22,1,0,-25.6
hsa-miR-4515.tx,27,1,0,-49.8
hsa-miR-4516.tx,29,1,0,-44.1
hsa-miR-4517.tx,26,1,0,-23.6
hsa-miR-4518.tx,26,1,0,-25.6
hsa-miR-4519.tx,15,2,0,-20.5
hsa-miR-451a.tx,30,1,0,-43.4
hsa-miR-451b.tx,26,1,0,-33.0
hsa-miR-452-3p.,30,1,0,-41.3
hsa-miR-452-5p.,30,1,0,-41.3
hsa-miR-4520-2-,22,1,0,-39.8
hsa-miR-4520-3p,22,1,0,-40.9
hsa-miR-4520-5p,22,1,0,-40.9
hsa-miR-4521.tx,20,1,0,-17.1
hsa-miR-4522.tx,28,1,0,-43.3
hsa-miR-4523.tx,23,1,0,-50.4
hsa-miR-4524a-3,24,1,0,-38.0
hsa-miR-4524a-5,24,1,0,-38.0
hsa-miR-4524b-3,37,1,0,-49.1
hsa-miR-4524b-5,37,1,0,-49.1
hsa-miR-4525.tx,27,1,0,-47.4
hsa-miR-4526.tx,32,1,0,-54.3
hsa-miR-4527.tx,25,1,0,-25.4
hsa-miR-4528.tx,35,1,0,-32.1
hsa-miR-4529-3p,29,1,0,-56.1
hsa-miR-4529-5p,29,1,0,-56.1
hsa-miR-4530.tx,18,1,0,-30.2
hsa-miR-4531.tx,16,1,0,-16.1
hsa-miR-4533.tx,24,1,0,-28.8
hsa-miR-4534.tx,16,1,0,-22.9
hsa-miR-4535.tx,20,1,0,-22.8
hsa-miR-4536-3p,24,1,0,-35.95
hsa-miR-4536-5p,24,1,0,-35.95
hsa-miR-4537.tx,24,1,0,-42.9
hsa-miR-4538.tx,28,1,0,-41.4
hsa-miR-4539.tx,16,1,0,-25.8
hsa-miR-454-3p.,43,1,0,-41.0
hsa-miR-454-5p.,43,1,0,-41.0
hsa-miR-4540.tx,18,1,0,-22.5
hsa-miR-455-3p.,29,1,0,-42.1
hsa-miR-455-5p.,29,1,0,-42.1
hsa-miR-4632-3p,23,1,0,-35.4
hsa-miR-4632-5p,23,1,0,-35.4
hsa-miR-4633-3p,33,1,0,-60.9
hsa-miR-4633-5p,33,1,0,-60.9
hsa-miR-4634.tx,20,1,0,-29.3
hsa-miR-4635.tx,29,1,0,-45.3
hsa-miR-4636.tx,32,1,0,-48.8
hsa-miR-4637.tx,33,1,0,-37.9
hsa-miR-4638-3p,22,1,0,-31.3
hsa-miR-4638-5p,22,1,0,-31.3
hsa-miR-4639-3p,23,1,0,-23.3
hsa-miR-4639-5p,23,1,0,-23.3
hsa-miR-4640-3p,30,1,0,-55.0
hsa-miR-4640-5p,30,1,0,-55.0
hsa-miR-4641.tx,23,1,0,-35.3
hsa-miR-4642.tx,32,1,0,-51.8
hsa-miR-4643.tx,28,1,0,-36.5
hsa-miR-4644.tx,28,1,0,-38.3
hsa-miR-4645-3p,32,1,0,-50.4
hsa-miR-4645-5p,32,1,0,-50.4
hsa-miR-4646-3p,24,1,0,-36.8
hsa-miR-4646-5p,24,1,0,-36.8
hsa-miR-4647.tx,28,1,0,-40.5
hsa-miR-4648.tx,22,1,0,-23.8
hsa-miR-4649-3p,26,1,0,-43.9
hsa-miR-4649-5p,26,1,0,-43.9
hsa-miR-4650-3p,27,1,0,-43.6
hsa-miR-4650-5p,27,1,0,-43.6
hsa-miR-4651.tx,25,1,0,-38.0
hsa-miR-4652-3p,25,1,0,-35.6
hsa-miR-4652-5p,25,1,0,-35.6
hsa-miR-4653-3p,30,1,0,-38.3
hsa-miR-4653-5p,30,1,0,-38.3
hsa-miR-4654.tx,27,1,0,-38.0
hsa-miR-4655-3p,25,1,0,-43.6
hsa-miR-4655-5p,25,1,0,-43.6
hsa-miR-4656.tx,29,1,0,-52.7
hsa-miR-4657.tx,20,1,0,-23.0
hsa-miR-4658.tx,24,1,0,-25.3
hsa-miR-4659a-3,33,1,0,-42.8
hsa-miR-4659a-5,33,1,0,-42.8
hsa-miR-4659b-3,32,1,0,-47.5
hsa-miR-4659b-5,32,1,0,-47.5
hsa-miR-466.txt,35,1,0,-48.9
hsa-miR-4660.tx,25,1,0,-29.7
hsa-miR-4661-3p,29,1,0,-48.8
hsa-miR-4661-5p,29,1,0,-48.8
hsa-miR-4662a-3,29,1,0,-35.5
hsa-miR-4662a-5,29,1,0,-35.5
hsa-miR-4662b.t,33,1,0,-43.0
hsa-miR-4663.tx,30,1,0,-41.6
hsa-miR-4664-3p,24,1,0,-29.4
hsa-miR-4664-5p,24,1,0,-29.4
hsa-miR-4665-3p,29,1,0,-47.2
hsa-miR-4665-5p,29,1,0,-47.2
hsa-miR-4666a-3,28,1,0,-41.7
hsa-miR-4666a-5,28,1,0,-41.7
hsa-miR-4666b.t,32,1,0,-52.1
hsa-miR-4667-3p,20,1,0,-30.8
hsa-miR-4667-5p,20,1,0,-30.8
hsa-miR-4668-3p,26,1,0,-21.8
hsa-miR-4668-5p,26,1,0,-21.8
hsa-miR-4669.tx,25,1,0,-38.7
hsa-miR-4670-3p,32,1,0,-55.0
hsa-miR-4670-5p,32,1,0,-55.0
hsa-miR-4671-3p,30,1,0,-42.0
hsa-miR-4671-5p,30,1,0,-42.0
hsa-miR-4672.tx,32,1,0,-57.3
hsa-miR-4673.tx,21,1,0,-27.6
hsa-miR-4674.tx,31,1,0,-49.6
hsa-miR-4675.tx,31,1,0,-57.0
hsa-miR-4676-3p,30,1,0,-53.8
hsa-miR-4676-5p,30,1,0,-53.8
hsa-miR-4677-3p,27,1,0,-31.5
hsa-miR-4677-5p,27,1,0,-31.5
hsa-miR-4678.tx,22,1,0,-19.6
hsa-miR-4679.tx,31,1,0,-47.2
hsa-miR-4680-3p,25,1,0,-23.4
hsa-miR-4680-5p,25,1,0,-23.4
hsa-miR-4681.tx,25,1,0,-35.4
hsa-miR-4682.tx,27,1,0,-42.9
hsa-miR-4683.tx,26,1,0,-39.6
hsa-miR-4684-3p,34,1,0,-62.5
hsa-miR-4684-5p,34,1,0,-62.5
hsa-miR-4685-3p,23,1,0,-32.7
hsa-miR-4685-5p,23,1,0,-32.7
hsa-miR-4686.tx,26,1,0,-40.3
hsa-miR-4687-3p,29,1,0,-42.5
hsa-miR-4687-5p,29,1,0,-42.5
hsa-miR-4688.tx,27,1,0,-35.8
hsa-miR-4689.tx,27,1,0,-48.1
hsa-miR-4690-3p,19,1,0,-33.2
hsa-miR-4690-5p,19,1,0,-33.2
hsa-miR-4691-3p,28,1,0,-30.7
hsa-miR-4691-5p,28,1,0,-30.7
hsa-miR-4692.tx,28,1,0,-46.8
hsa-miR-4693-3p,22,1,0,-32.4
hsa-miR-4693-5p,22,1,0,-32.4
hsa-miR-4694-3p,32,1,0,-46.5
hsa-miR-4694-5p,32,1,0,-46.5
hsa-miR-4695-3p,23,1,0,-42.9
hsa-miR-4695-5p,23,1,0,-42.9
hsa-miR-4696.tx,28,1,0,-43.9
hsa-miR-4697-3p,30,1,0,-47.4
hsa-miR-4697-5p,30,1,0,-47.4
hsa-miR-4698.tx,33,1,0,-57.8
hsa-miR-4699-3p,30,1,0,-52.3
hsa-miR-4699-5p,30,1,0,-52.3
hsa-miR-4700-3p,22,1,0,-33.9
hsa-miR-4700-5p,22,1,0,-33.9
hsa-miR-4701-3p,21,1,0,-30.7
hsa-miR-4701-5p,21,1,0,-30.7
hsa-miR-4703-3p,28,1,0,-32.3
hsa-miR-4703-5p,28,1,0,-32.3
hsa-miR-4704-3p,28,1,0,-38.0
hsa-miR-4704-5p,28,1,0,-38.0
hsa-miR-4705.tx,30,1,0,-47.1
hsa-miR-4706.tx,33,1,0,-47.8
hsa-miR-4707-3p,29,1,0,-49.5
hsa-miR-4707-5p,29,1,0,-49.5
hsa-miR-4708-3p,22,1,0,-48.6
hsa-miR-4708-5p,22,1,0,-48.6
hsa-miR-4709-3p,26,1,0,-24.6
hsa-miR-4709-5p,26,1,0,-24.6
hsa-miR-4710.tx,19,1,0,-25.8
hsa-miR-4711-3p,31,1,0,-53.3
hsa-miR-4711-5p,31,1,0,-53.3
hsa-miR-4712-3p,30,1,0,-37.0
hsa-miR-4712-5p,30,1,0,-37.0
hsa-miR-4713-3p,28,1,0,-46.9
hsa-miR-4713-5p,28,1,0,-46.9
hsa-miR-4714-3p,32,1,0,-47.8
hsa-miR-4714-5p,32,1,0,-47.8
hsa-miR-4715-3p,31,1,0,-54.6
hsa-miR-4715-5p,31,1,0,-54.6
hsa-miR-4716-3p,37,1,0,-62.5
hsa-miR-4716-5p,37,1,0,-62.5
hsa-miR-4717-3p,32,1,0,-70.7
hsa-miR-4717-5p,32,1,0,-70.7
hsa-miR-4718.tx,18,1,0,-20.3
hsa-miR-4719.tx,30,1,0,-40.8
hsa-miR-4720-3p,34,1,0,-48.6
hsa-miR-4720-5p,34,1,0,-48.6
hsa-miR-4721.tx,31,1,0,-42.5
hsa-miR-4722-3p,22,1,0,-35.4
hsa-miR-4722-5p,22,1,0,-35.4
hsa-miR-4723-3p,27,1,0,-38.6
hsa-miR-4723-5p,27,1,0,-38.6
hsa-miR-4724-3p,26,1,0,-30.3
hsa-miR-4724-5p,26,1,0,-30.3
hsa-miR-4725-3p,30,1,0,-42.9
hsa-miR-4725-5p,30,1,0,-42.9
hsa-miR-4726-3p,22,1,0,-37.7
hsa-miR-4726-5p,22,1,0,-37.7
hsa-miR-4727-3p,20,1,0,-30.6
hsa-miR-4727-5p,20,1,0,-30.6
hsa-miR-4728-3p,22,1,0,-30.0
hsa-miR-4728-5p,22,1,0,-30.0
hsa-miR-4729.tx,30,1,0,-49.7
hsa-miR-4730.tx,26,1,0,-39.6
hsa-miR-4731-3p,27,1,0,-54.9
hsa-miR-4731-5p,27,1,0,-54.9
hsa-miR-4732-3p,26,1,0,-36.9
hsa-miR-4732-5p,26,1,0,-36.9
hsa-miR-4733-3p,27,1,0,-52.3
hsa-miR-4733-5p,27,1,0,-52.3
hsa-miR-4734.tx,26,1,0,-46.6
hsa-miR-4735-3p,27,1,0,-33.6
hsa-miR-4735-5p,27,1,0,-33.6
hsa-miR-4736.tx,15,1,0,-22.5
hsa-miR-4737.tx,23,1,0,-28.4
hsa-miR-4738-3p,35,1,0,-43.0
hsa-miR-4738-5p,35,1,0,-43.0
hsa-miR-4739.tx,27,1,0,-44.8
hsa-miR-4740-3p,22,1,0,-37.4
hsa-miR-4740-5p,22,1,0,-37.4
hsa-miR-4741.tx,31,1,0,-52.9
hsa-miR-4742-3p,30,1,0,-30.6
hsa-miR-4742-5p,30,1,0,-30.6
hsa-miR-4743-3p,27,1,0,-34.5
hsa-miR-4743-5p,27,1,0,-34.5
hsa-miR-4744.tx,30,1,0,-35.8
hsa-miR-4745-3p,19,1,0,-30.4
hsa-miR-4745-5p,19,1,0,-30.4
hsa-miR-4746-3p,25,1,0,-34.0
hsa-miR-4746-5p,25,1,0,-34.0
hsa-miR-4747-3p,21,1,0,-27.5
hsa-miR-4747-5p,21,1,0,-27.5
hsa-miR-4748.tx,28,1,0,-31.9
hsa-miR-4749-3p,20,1,0,-28.9
hsa-miR-4749-5p,20,1,0,-28.9
hsa-miR-4750-3p,20,1,0,-28.5
hsa-miR-4750-5p,20,1,0,-28.5
hsa-miR-4751.tx,27,1,0,-40.2
hsa-miR-4752.tx,28,1,0,-37.3
hsa-miR-4753-3p,34,1,0,-45.5
hsa-miR-4753-5p,34,1,0,-45.5
hsa-miR-4754.tx,27,1,0,-39.5
hsa-miR-4755-3p,31,1,0,-57.5
hsa-miR-4755-5p,31,1,0,-57.5
hsa-miR-4756-3p,30,1,0,-35.1
hsa-miR-4756-5p,30,1,0,-35.1
hsa-miR-4757-3p,27,1,0,-51.0
hsa-miR-4757-5p,27,1,0,-51.0
hsa-miR-4758-3p,23,1,0,-36.8
hsa-miR-4758-5p,23,1,0,-36.8
hsa-miR-4759.tx,30,1,0,-46.0
hsa-miR-4760-3p,28,1,0,-39.1
hsa-miR-4760-5p,28,1,0,-39.1
hsa-miR-4761-3p,31,1,0,-50.0
hsa-miR-4761-5p,31,1,0,-50.0
hsa-miR-4762-3p,27,1,0,-44.6
hsa-miR-4762-5p,27,1,0,-44.6
hsa-miR-4763-3p,34,1,0,-62.8
hsa-miR-4763-5p,34,1,0,-62.8
hsa-miR-4764-3p,33,1,0,-51.0
hsa-miR-4764-5p,33,1,0,-51.0
hsa-miR-4765.tx,30,1,0,-48.5
hsa-miR-4766-3p,30,1,0,-39.4
hsa-miR-4766-5p,30,1,0,-39.4
hsa-miR-4767.tx,27,1,0,-46.9
hsa-miR-4768-3p,31,1,0,-47.6
hsa-miR-4768-5p,31,1,0,-47.6
hsa-miR-4769-3p,26,1,0,-38.1
hsa-miR-4769-5p,26,1,0,-38.1
hsa-miR-4770.tx,22,1,0,-21.4
hsa-miR-4771.tx,29,1,0,-32.8
hsa-miR-4772-3p,32,1,0,-54.3
hsa-miR-4772-5p,32,1,0,-54.3
hsa-miR-4773.tx,34,1,0,-70.4
hsa-miR-4774-3p,25,1,0,-26.5
hsa-miR-4774-5p,25,1,0,-26.5
hsa-miR-4775.tx,28,1,0,-32.6
hsa-miR-4776-3p,35,1,0,-72.3
hsa-miR-4776-5p,35,1,0,-72.3
hsa-miR-4777-3p,35,1,0,-40.8
hsa-miR-4777-5p,35,1,0,-40.8
hsa-miR-4778-3p,29,1,0,-45.1
hsa-miR-4778-5p,29,1,0,-45.1
hsa-miR-4779.tx,36,1,0,-60.8
hsa-miR-4780.tx,29,1,0,-50.6
hsa-miR-4781-3p,32,1,0,-64.2
hsa-miR-4781-5p,32,1,0,-64.2
hsa-miR-4782-3p,33,1,0,-55.1
hsa-miR-4782-5p,33,1,0,-55.1
hsa-miR-4783-3p,31,1,0,-53.7
hsa-miR-4783-5p,31,1,0,-53.7
hsa-miR-4784.tx,27,1,0,-31.3
hsa-miR-4785.tx,26,1,0,-39.8
hsa-miR-4786-3p,28,1,0,-38.8
hsa-miR-4786-5p,28,1,0,-38.8
hsa-miR-4787-3p,32,1,0,-55.9
hsa-miR-4787-5p,32,1,0,-55.9
hsa-miR-4788.tx,35,1,0,-55.7
hsa-miR-4789-3p,33,1,0,-41.5
hsa-miR-4789-5p,33,1,0,-41.5
hsa-miR-4790-3p,33,1,0,-48.0
hsa-miR-4790-5p,33,1,0,-48.0
hsa-miR-4791.tx,26,1,0,-24.2
hsa-miR-4793-3p,27,1,0,-38.7
hsa-miR-4793-5p,27,1,0,-38.7
hsa-miR-4794.tx,32,1,0,-44.1
hsa-miR-4795-3p,31,1,0,-46.0
hsa-miR-4795-5p,31,1,0,-46.0
hsa-miR-4796-3p,34,1,0,-48.4
hsa-miR-4796-5p,34,1,0,-48.4
hsa-miR-4797-3p,31,1,0,-55.8
hsa-miR-4797-5p,31,1,0,-55.8
hsa-miR-4798-3p,31,1,0,-40.2
hsa-miR-4798-5p,31,1,0,-40.2
hsa-miR-4799-3p,31,1,0,-54.1
hsa-miR-4799-5p,31,1,0,-54.1
hsa-miR-4800-3p,29,1,0,-33.3
hsa-miR-4800-5p,29,1,0,-33.3
hsa-miR-4801.tx,30,1,0,-35.5
hsa-miR-4802-3p,29,1,0,-36.6
hsa-miR-4802-5p,29,1,0,-36.6
hsa-miR-4803.tx,27,1,0,-37.3
hsa-miR-4804-3p,32,1,0,-49.4
hsa-miR-4804-5p,32,1,0,-49.4
hsa-miR-483-3p.,28,1,0,-44.1
hsa-miR-483-5p.,28,1,0,-44.1
hsa-miR-484.txt,25,1,0,-32.5
hsa-miR-485-3p.,26,1,0,-33.6
hsa-miR-485-5p.,26,1,0,-33.6
hsa-miR-486-3p.,22,1,0,-48.6
hsa-miR-486-5p.,22,1,0,-48.6
hsa-miR-487a-3p,28,1,0,-30.2
hsa-miR-487a-5p,28,1,0,-30.2
hsa-miR-487b-3p,27,1,0,-34.1
hsa-miR-487b-5p,27,1,0,-34.1
hsa-miR-488-3p.,30,1,0,-32.2
hsa-miR-488-5p.,30,1,0,-32.2
hsa-miR-489-3p.,34,1,0,-38.2
hsa-miR-489-5p.,34,1,0,-38.2
hsa-miR-490-3p.,46,1,0,-52.8
hsa-miR-490-5p.,46,1,0,-52.8
hsa-miR-491-3p.,33,1,0,-48.0
hsa-miR-491-5p.,33,1,0,-48.0
hsa-miR-492.txt,34,1,0,-40.3
hsa-miR-493-3p.,32,1,0,-47.9
hsa-miR-493-5p.,32,1,0,-47.9
hsa-miR-494-3p.,32,1,0,-33.9
hsa-miR-494-5p.,32,1,0,-33.9
hsa-miR-495-3p.,31,1,0,-36.0
hsa-miR-495-5p.,31,1,0,-36.0
hsa-miR-496.txt,36,1,0,-43.9
hsa-miR-497-3p.,40,1,0,-55.1
hsa-miR-497-5p.,40,1,0,-55.1
hsa-miR-498-3p.,40,1,0,-55.7
hsa-miR-498-5p.,40,1,0,-55.7
hsa-miR-4999-3p,34,1,0,-47.8
hsa-miR-4999-5p,34,1,0,-47.8
hsa-miR-499a-3p,40,1,0,-63.2
hsa-miR-499a-5p,40,1,0,-63.2
hsa-miR-499b-3p,22,1,0,-25.0
hsa-miR-499b-5p,22,1,0,-25.0
hsa-miR-5000-3p,37,1,0,-53.1
hsa-miR-5000-5p,37,1,0,-53.1
hsa-miR-5001-3p,38,1,0,-52.0
hsa-miR-5001-5p,38,1,0,-52.0
hsa-miR-5002-3p,30,1,0,-37.2
hsa-miR-5002-5p,30,1,0,-37.2
hsa-miR-5003-3p,35,1,0,-43.9
hsa-miR-5003-5p,35,1,0,-43.9
hsa-miR-5004-3p,33,2,0,-31.1
hsa-miR-5004-5p,33,2,0,-31.1
hsa-miR-5006-3p,38,1,0,-46.3
hsa-miR-5006-5p,38,1,0,-46.3
hsa-miR-5007-3p,28,1,0,-32.3
hsa-miR-5007-5p,28,1,0,-32.3
hsa-miR-5008-3p,37,1,0,-76.9
hsa-miR-5008-5p,37,1,0,-76.9
hsa-miR-5009-3p,32,1,0,-31.1
hsa-miR-5009-5p,32,1,0,-31.1
hsa-miR-500a-3p,28,1,0,-37.8
hsa-miR-500a-5p,28,1,0,-37.8
hsa-miR-500b-3p,26,1,0,-40.8
hsa-miR-500b-5p,26,1,0,-40.8
hsa-miR-501-3p.,29,1,0,-42.5
hsa-miR-501-5p.,29,1,0,-42.5
hsa-miR-5010-3p,39,1,0,-43.4
hsa-miR-5010-5p,39,1,0,-43.4
hsa-miR-5011-3p,40,1,0,-56.6
hsa-miR-5011-5p,40,1,0,-56.6
hsa-miR-502-3p.,32,1,0,-57.0
hsa-miR-502-5p.,32,1,0,-57.0
hsa-miR-503-3p.,28,1,0,-42.2
hsa-miR-503-5p.,28,1,0,-42.2
hsa-miR-504-3p.,33,1,0,-53.0
hsa-miR-504-5p.,33,1,0,-53.0
hsa-miR-5047.tx,33,1,0,-31.3
hsa-miR-505-3p.,31,1,0,-44.9
hsa-miR-505-5p.,31,1,0,-44.9
hsa-miR-506-3p.,43,1,0,-43.1
hsa-miR-506-5p.,43,1,0,-43.1
hsa-miR-507.txt,33,1,0,-37.6
hsa-miR-508-3p.,39,1,0,-49.2
hsa-miR-508-5p.,39,1,0,-49.2
hsa-miR-5087.tx,24,1,0,-18.7
hsa-miR-5088-3p,26,1,0,-37.9
hsa-miR-5088-5p,26,1,0,-37.9
hsa-miR-5089-3p,35,1,0,-63.5
hsa-miR-5089-5p,35,1,0,-63.5
hsa-miR-509-3-5,27,1,0,-37.8
hsa-miR-509-3p.,36,1,0,-41.0
hsa-miR-509-5p.,36,1,0,-41.0
hsa-miR-5090.tx,25,1,0,-34.4
hsa-miR-5091.tx,26,1,0,-31.7
hsa-miR-5092.tx,30,1,0,-47.7
hsa-miR-5093.tx,29,2,1,-40.1
hsa-miR-5094.tx,24,1,0,-24.0
hsa-miR-510-3p.,24,1,0,-29.1
hsa-miR-510-5p.,24,1,0,-29.1
hsa-miR-5100.tx,39,2,0,-47.4
hsa-miR-511-3p.,32,1,0,-33.0
hsa-miR-511-5p.,32,1,0,-33.0
hsa-miR-512-3p.,27,1,0,-47.7
hsa-miR-512-5p.,27,1,0,-47.7
hsa-miR-513a-3p,48,1,0,-61.5
hsa-miR-513a-5p,48,1,0,-61.5
hsa-miR-513b-3p,31,1,0,-34.7
hsa-miR-513b-5p,31,1,0,-34.7
hsa-miR-513c-3p,31,1,0,-34.9
hsa-miR-513c-5p,31,1,0,-34.9
hsa-miR-514a-3p,35,1,0,-33.2
hsa-miR-514a-5p,35,1,0,-33.2
hsa-miR-514b-3p,29,1,0,-38.6
hsa-miR-514b-5p,29,1,0,-38.6
hsa-miR-515-3p.,32,1,0,-40.5
hsa-miR-515-5p.,32,1,0,-40.5
hsa-miR-516a-3p,37,1,0,-49.0
hsa-miR-516a-5p,37,1,0,-49.0
hsa-miR-516b-3p,31,1,0,-37.4
hsa-miR-516b-5p,31,1,0,-37.4
hsa-miR-517-5p.,31,1,0,-42.5
hsa-miR-517a-3p,31,1,0,-42.5
hsa-miR-517b-3p,22,1,0,-26.3
hsa-miR-517c-3p,31,1,0,-43.8
hsa-miR-5186.tx,48,1,0,-86.8
hsa-miR-5187-3p,26,1,0,-24.8
hsa-miR-5187-5p,26,1,0,-24.8
hsa-miR-5188.tx,34,1,0,-39.0
hsa-miR-5189-3p,36,1,0,-56.1
hsa-miR-5189-5p,36,1,0,-56.1
hsa-miR-518a-3p,35,1,0,-48.1
hsa-miR-518a-5p,35,1,0,-48.1
hsa-miR-518b.tx,33,1,0,-39.3
hsa-miR-518c-3p,36,1,0,-45.9
hsa-miR-518c-5p,36,1,0,-45.9
hsa-miR-518d-3p,35,1,0,-41.4
hsa-miR-518d-5p,35,1,0,-41.4
hsa-miR-518e-3p,31,1,0,-44.9
hsa-miR-518e-5p,31,1,0,-44.9
hsa-miR-518f-3p,32,1,0,-42.1
hsa-miR-518f-5p,32,1,0,-42.1
hsa-miR-5190.tx,26,1,0,-44.6
hsa-miR-5191.tx,50,1,0,-90.2
hsa-miR-5192.tx,33,1,0,-48.8
hsa-miR-5193.tx,40,1,0,-55.3
hsa-miR-5194.tx,38,1,0,-37.2
hsa-miR-5195-3p,41,1,0,-54.8
hsa-miR-5195-5p,41,1,0,-54.8
hsa-miR-5196-3p,39,1,0,-53.5
hsa-miR-5196-5p,39,1,0,-53.5
hsa-miR-5197-3p,36,1,0,-31.9
hsa-miR-5197-5p,36,1,0,-31.9
hsa-miR-519a-2-,33,1,0,-37.5
hsa-miR-519a-3p,35,1,0,-49.3
hsa-miR-519a-5p,35,1,0,-49.3
hsa-miR-519b-3p,31,1,0,-37.7
hsa-miR-519b-5p,31,1,0,-37.7
hsa-miR-519c-3p,35,1,0,-44.4
hsa-miR-519c-5p,35,1,0,-44.4
hsa-miR-519d-3p,33,1,0,-41.2
hsa-miR-519d-5p,33,1,0,-41.2
hsa-miR-519e-3p,32,1,0,-35.4
hsa-miR-519e-5p,32,1,0,-35.4
hsa-miR-520a-3p,35,1,0,-49.2
hsa-miR-520a-5p,35,1,0,-49.2
hsa-miR-520b-3p,24,1,0,-35.5
hsa-miR-520b-5p,24,1,0,-35.5
hsa-miR-520c-3p,35,1,0,-48.9
hsa-miR-520c-5p,35,1,0,-48.9
hsa-miR-520d-3p,34,1,0,-44.2
hsa-miR-520d-5p,34,1,0,-44.2
hsa-miR-520e-3p,33,1,0,-44.4
hsa-miR-520e-5p,33,1,0,-44.4
hsa-miR-520f-3p,35,1,0,-52.2
hsa-miR-520f-5p,35,1,0,-52.2
hsa-miR-520g-3p,33,1,0,-41.6
hsa-miR-520g-5p,33,1,0,-41.6
hsa-miR-520h.tx,32,1,0,-36.9
hsa-miR-521.txt,30,1,0,-34.6
hsa-miR-522-3p.,33,1,0,-35.3
hsa-miR-522-5p.,33,1,0,-35.3
hsa-miR-523-3p.,32,1,0,-48.7
hsa-miR-523-5p.,32,1,0,-48.7
hsa-miR-524-3p.,34,1,0,-46.3
hsa-miR-524-5p.,34,1,0,-46.3
hsa-miR-525-3p.,30,1,0,-40.6
hsa-miR-525-5p.,30,1,0,-40.6
hsa-miR-526a-3p,34,1,0,-43.1
hsa-miR-526a-5p,34,1,0,-43.1
hsa-miR-526b-3p,33,1,0,-46.6
hsa-miR-526b-5p,33,1,0,-46.6
hsa-miR-527.txt,32,1,0,-42.3
hsa-miR-532-3p.,26,1,0,-30.8
hsa-miR-532-5p.,26,1,0,-30.8
hsa-miR-539-3p.,31,1,0,-28.5
hsa-miR-539-5p.,31,1,0,-28.5
hsa-miR-541-3p.,30,1,0,-29.8
hsa-miR-541-5p.,30,1,0,-29.8
hsa-miR-542-3p.,27,1,0,-34.9
hsa-miR-542-5p.,27,1,0,-34.9
hsa-miR-543.txt,26,1,0,-24.9
hsa-miR-544a.tx,28,1,0,-32.4
hsa-miR-544b.tx,29,1,0,-23.5
hsa-miR-545-3p.,36,1,0,-35.6
hsa-miR-545-5p.,36,1,0,-35.6
hsa-miR-548a-3p,36,1,0,-33.8
hsa-miR-548a-5p,34,1,0,-46.5
hsa-miR-548aa.t,31,1,0,-42.2
hsa-miR-548ab.t,31,1,0,-42.2
hsa-miR-548ac.t,37,1,0,-50.4
hsa-miR-548ad-3,34,1,0,-42.0
hsa-miR-548ad-5,34,1,0,-42.0
hsa-miR-548ae-3,21,1,0,-26.8
hsa-miR-548ae-5,26,1,0,-31.3
hsa-miR-548ag.t,24,1,0,-25.6
hsa-miR-548ah-3,31,1,0,-43.5
hsa-miR-548ah-5,31,1,0,-43.5
hsa-miR-548ai.t,34,1,0,-39.0
hsa-miR-548aj-3,29,1,0,-37.8
hsa-miR-548aj-5,41,1,0,-55.8
hsa-miR-548ak.t,22,1,0,-28.8
hsa-miR-548al.t,36,1,0,-44.6
hsa-miR-548am-3,31,1,0,-47.8
hsa-miR-548am-5,31,1,0,-47.8
hsa-miR-548an.t,33,1,0,-55.0
hsa-miR-548ao-3,38,1,0,-43.9
hsa-miR-548ao-5,38,1,0,-43.9
hsa-miR-548ap-3,35,1,0,-32.1
hsa-miR-548ap-5,35,1,0,-32.1
hsa-miR-548aq-3,23,1,0,-30.5
hsa-miR-548aq-5,23,1,0,-30.5
hsa-miR-548ar-3,24,1,0,-20.2
hsa-miR-548ar-5,24,1,0,-20.2
hsa-miR-548as-3,23,1,0,-25.8
hsa-miR-548as-5,23,1,0,-25.8
hsa-miR-548at-3,21,1,0,-32.0
hsa-miR-548at-5,21,1,0,-32.0
hsa-miR-548au-3,17,1,0,-17.1
hsa-miR-548au-5,17,1,0,-17.1
hsa-miR-548av-3,20,1,0,-22.1
hsa-miR-548av-5,20,1,0,-22.1
hsa-miR-548aw.t,26,1,0,-38.6
hsa-miR-548ax.t,29,1,0,-43.8
hsa-miR-548ay-3,43,1,0,-50.7
hsa-miR-548ay-5,43,1,0,-50.7
hsa-miR-548az-3,43,1,0,-60.1
hsa-miR-548az-5,43,1,0,-60.1
hsa-miR-548b-3p,31,1,0,-48.4
hsa-miR-548b-5p,31,1,0,-48.4
hsa-miR-548ba.t,22,1,0,-19.2
hsa-miR-548bb-3,28,1,0,-40.6
hsa-miR-548bb-5,28,1,0,-40.6
hsa-miR-548bc.t,36,1,0,-50.2
hsa-miR-548c-3p,37,1,0,-47.1
hsa-miR-548c-5p,37,1,0,-47.1
hsa-miR-548d-3p,32,1,0,-48.4
hsa-miR-548d-5p,32,1,0,-48.4
hsa-miR-548e-3p,34,1,0,-39.0
hsa-miR-548e-5p,34,1,0,-39.0
hsa-miR-548f-3p,30,1,0,-39.9
hsa-miR-548f-5p,30,1,0,-39.9
hsa-miR-548g-3p,31,1,0,-32.9
hsa-miR-548g-5p,31,1,0,-32.9
hsa-miR-548h-3p,43,1,0,-59.1
hsa-miR-548h-5p,40,1,0,-45.4
hsa-miR-548i.tx,54,1,0,-68.2
hsa-miR-548j-3p,42,1,0,-54.0
hsa-miR-548j-5p,42,1,0,-54.0
hsa-miR-548k.tx,38,1,0,-45.4
hsa-miR-548l.tx,32,1,0,-42.1
hsa-miR-548m.tx,39,1,0,-59.3
hsa-miR-548n.tx,32,1,0,-45.0
hsa-miR-548o-3p,33,3,1,-20.3
hsa-miR-548o-5p,29,1,0,-39.2
hsa-miR-548p.tx,33,1,0,-33.3
hsa-miR-548q.tx,37,1,0,-42.4
hsa-miR-548s.tx,31,1,0,-39.6
hsa-miR-548t-3p,30,1,0,-40.1
hsa-miR-548t-5p,30,1,0,-40.1
hsa-miR-548u.tx,34,1,0,-36.2
hsa-miR-548v.tx,31,1,0,-28.7
hsa-miR-548w.tx,27,1,0,-37.8
hsa-miR-548x-3p,28,1,0,-33.8
hsa-miR-548x-5p,28,1,0,-33.8
hsa-miR-548y.tx,42,2,0,-63.0
hsa-miR-548z.tx,35,1,0,-40.2
hsa-miR-549a-3p,31,1,0,-53.7
hsa-miR-549a-5p,31,1,0,-53.7
hsa-miR-550a-3-,28,2,0,-44.6
hsa-miR-550a-3p,36,1,0,-45.6
hsa-miR-550a-5p,36,1,0,-45.6
hsa-miR-550b-2-,29,1,0,-44.3
hsa-miR-550b-3p,29,1,0,-44.3
hsa-miR-551a.tx,31,2,0,-54.3
hsa-miR-551b-3p,28,1,0,-39.8
hsa-miR-551b-5p,28,1,0,-39.8
hsa-miR-552-3p.,35,1,0,-48.9
hsa-miR-552-5p.,35,1,0,-48.9
hsa-miR-553.txt,24,1,0,-25.2
hsa-miR-554.txt,29,1,0,-33.4
hsa-miR-555.txt,28,1,0,-30.4
hsa-miR-556-3p.,32,1,0,-36.9
hsa-miR-556-5p.,32,1,0,-36.9
hsa-miR-557.txt,27,2,0,-29.8
hsa-miR-5571-3p,36,1,0,-50.7
hsa-miR-5571-5p,36,1,0,-50.7
hsa-miR-5572.tx,48,1,0,-54.3
hsa-miR-5579-3p,20,1,0,-30.2
hsa-miR-5579-5p,20,1,0,-30.2
hsa-miR-558.txt,33,1,0,-44.9
hsa-miR-5580-3p,22,1,0,-38.5
hsa-miR-5580-5p,22,1,0,-38.5
hsa-miR-5581-3p,16,1,0,-21.3
hsa-miR-5581-5p,16,1,0,-21.3
hsa-miR-5582-3p,24,1,0,-29.9
hsa-miR-5582-5p,24,1,0,-29.9
hsa-miR-5583-3p,22,1,0,-30.2
hsa-miR-5583-5p,22,1,0,-30.2
hsa-miR-5584-3p,19,1,0,-26.1
hsa-miR-5584-5p,19,1,0,-26.1
hsa-miR-5585-3p,20,1,0,-20.1
hsa-miR-5585-5p,20,1,0,-20.1
hsa-miR-5586-3p,20,1,0,-27.1
hsa-miR-5586-5p,20,1,0,-27.1
hsa-miR-5587-3p,20,1,0,-29.7
hsa-miR-5587-5p,20,1,0,-29.7
hsa-miR-5588-3p,19,1,0,-33.4
hsa-miR-5588-5p,19,1,0,-33.4
hsa-miR-5589-3p,18,1,0,-27.4
hsa-miR-5589-5p,18,1,0,-27.4
hsa-miR-559.txt,40,1,0,-59.1
hsa-miR-5590-3p,20,1,0,-28.3
hsa-miR-5590-5p,20,1,0,-28.3
hsa-miR-5591-3p,25,1,0,-42.8
hsa-miR-5591-5p,25,1,0,-42.8
hsa-miR-561-3p.,32,1,0,-57.3
hsa-miR-561-5p.,32,1,0,-57.3
hsa-miR-562.txt,34,1,0,-25.1
hsa-miR-563.txt,27,1,0,-26.7
hsa-miR-564.txt,30,1,0,-51.6
hsa-miR-567.txt,24,1,0,-27.3
hsa-miR-568.txt,36,1,0,-31.8
hsa-miR-5680.tx,36,1,0,-62.1
hsa-miR-5681a.t,32,1,0,-48.4
hsa-miR-5681b.t,26,1,0,-44.7
hsa-miR-5682.tx,33,1,0,-57.5
hsa-miR-5683.tx,31,1,0,-36.7
hsa-miR-5684.tx,28,1,0,-39.0
hsa-miR-5685.tx,32,1,0,-66.3
hsa-miR-5687.tx,30,1,0,-30.0
hsa-miR-5688.tx,33,1,0,-38.9
hsa-miR-5689.tx,35,1,0,-70.8
hsa-miR-569.txt,29,1,0,-22.3
hsa-miR-5690.tx,27,1,0,-34.8
hsa-miR-5691.tx,25,1,0,-40.0
hsa-miR-5692a.t,23,1,0,-28.1
hsa-miR-5692b.t,29,1,0,-32.2
hsa-miR-5692c.t,37,1,0,-42.9
hsa-miR-5693.tx,27,1,0,-25.6
hsa-miR-5694.tx,29,1,0,-46.8
hsa-miR-5695.tx,34,1,0,-52.1
hsa-miR-5696.tx,33,1,0,-45.0
hsa-miR-5697.tx,33,1,0,-43.8
hsa-miR-5698.tx,31,1,0,-58.0
hsa-miR-5699-3p,34,1,0,-50.6
hsa-miR-5699-5p,34,1,0,-50.6
hsa-miR-570-3p.,36,1,0,-44.1
hsa-miR-570-5p.,36,1,0,-44.1
hsa-miR-5700.tx,31,1,0,-39.6
hsa-miR-5701.tx,31,1,0,-35.4
hsa-miR-5702.tx,31,1,0,-42.7
hsa-miR-5703.tx,21,1,0,-34.8
hsa-miR-5704.tx,29,1,0,-40.2
hsa-miR-5705.tx,40,1,0,-82.5
hsa-miR-5706.tx,28,1,0,-49.0
hsa-miR-5707.tx,31,1,0,-31.5
hsa-miR-5708.tx,27,1,0,-43.8
hsa-miR-571.txt,29,1,0,-32.1
hsa-miR-572.txt,32,1,0,-54.8
hsa-miR-573.txt,34,1,0,-27.9
hsa-miR-5739.tx,23,3,0,-22.6
hsa-miR-574-3p.,36,1,0,-60.2
hsa-miR-574-5p.,36,1,0,-60.2
hsa-miR-575.txt,32,2,0,-36.4
hsa-miR-576-3p.,35,1,0,-46.5
hsa-miR-576-5p.,35,1,0,-46.5
hsa-miR-577.txt,33,1,0,-48.9
hsa-miR-578.txt,35,1,0,-41.6
hsa-miR-5787.tx,18,1,0,-35.5
hsa-miR-579-3p.,39,1,0,-49.1
hsa-miR-579-5p.,39,1,0,-49.1
hsa-miR-580-3p.,37,1,0,-47.6
hsa-miR-580-5p.,37,1,0,-47.6
hsa-miR-581.txt,32,1,0,-38.4
hsa-miR-582-3p.,29,1,0,-44.0
hsa-miR-582-5p.,29,1,0,-44.0
hsa-miR-583.txt,26,1,0,-41.4
hsa-miR-584-3p.,35,1,0,-56.5
hsa-miR-584-5p.,35,1,0,-56.5
hsa-miR-585-3p.,32,1,0,-55.7
hsa-miR-585-5p.,32,1,0,-55.7
hsa-miR-586.txt,35,1,0,-47.9
hsa-miR-587.txt,31,1,0,-45.8
hsa-miR-588.txt,30,1,0,-43.1
hsa-miR-589-3p.,33,1,0,-41.1
hsa-miR-589-5p.,33,1,0,-41.1
hsa-miR-590-3p.,31,1,0,-31.2
hsa-miR-590-5p.,31,1,0,-31.2
hsa-miR-591.txt,30,2,0,-21.7
hsa-miR-592.txt,33,1,0,-37.7
hsa-miR-593-3p.,32,1,0,-41.9
hsa-miR-593-5p.,32,1,0,-41.9
hsa-miR-595.txt,30,1,0,-30.8
hsa-miR-596.txt,25,1,0,-36.4
hsa-miR-597-3p.,34,1,0,-35.4
hsa-miR-597-5p.,34,1,0,-35.4
hsa-miR-598-3p.,35,1,0,-36.1
hsa-miR-598-5p.,35,1,0,-36.1
hsa-miR-599.txt,34,1,0,-38.9
hsa-miR-600.txt,29,1,0,-41.3
hsa-miR-601.txt,25,1,0,-22.2
hsa-miR-602.txt,31,1,0,-47.6
hsa-miR-603.txt,32,1,0,-40.2
hsa-miR-604.txt,29,1,0,-26.6
hsa-miR-605-3p.,34,1,0,-52.3
hsa-miR-605-5p.,34,1,0,-52.3
hsa-miR-606.txt,35,1,0,-45.0
hsa-miR-6068.tx,20,1,0,-31.0
hsa-miR-6069.tx,30,1,0,-45.0
hsa-miR-607.txt,41,1,0,-72.5
hsa-miR-6070.tx,33,1,0,-36.7
hsa-miR-6071.tx,22,1,0,-22.3
hsa-miR-6072.tx,25,1,0,-36.3
hsa-miR-6073.tx,33,1,0,-34.3
hsa-miR-6074.tx,38,1,0,-36.9
hsa-miR-6075.tx,31,1,0,-37.6
hsa-miR-6076.tx,37,1,0,-41.3
hsa-miR-6077.tx,28,1,0,-30.3
hsa-miR-6078.tx,32,1,0,-36.9
hsa-miR-6079.tx,20,1,0,-15.4
hsa-miR-608.txt,28,1,0,-33.0
hsa-miR-6080.tx,23,1,0,-36.5
hsa-miR-6081.tx,32,1,0,-46.8
hsa-miR-6082.tx,38,2,1,-33.9
hsa-miR-6083.tx,32,1,0,-34.2
hsa-miR-6084.tx,36,1,0,-55.4
hsa-miR-6085.tx,34,1,0,-37.8
hsa-miR-6086.tx,15,1,0,-14.1
hsa-miR-6088.tx,18,1,0,-20.2
hsa-miR-6089.tx,21,1,0,-34.6
hsa-miR-609.txt,36,1,0,-56.9
hsa-miR-6090.tx,22,1,0,-32.1
hsa-miR-610.txt,39,1,0,-56.8
hsa-miR-611.txt,19,1,0,-26.8
hsa-miR-612.txt,35,1,0,-50.8
hsa-miR-6124.tx,24,1,0,-36.6
hsa-miR-6125.tx,31,1,0,-41.7
hsa-miR-6126.tx,29,1,0,-40.6
hsa-miR-6127.tx,31,1,0,-41.5
hsa-miR-6128.tx,29,2,0,-22.5
hsa-miR-6129.tx,30,1,0,-29.1
hsa-miR-613.txt,27,1,0,-27.4
hsa-miR-6130.tx,41,1,0,-26.6
hsa-miR-6131.tx,35,1,0,-44.5
hsa-miR-6132.tx,27,1,0,-36.9
hsa-miR-6133.tx,39,1,0,-40.8
hsa-miR-6134.tx,33,2,0,-35.9
hsa-miR-614.txt,31,1,0,-42.2
hsa-miR-615-3p.,33,1,0,-58.2
hsa-miR-615-5p.,33,1,0,-58.2
hsa-miR-616-3p.,35,1,0,-51.2
hsa-miR-616-5p.,35,1,0,-51.2
hsa-miR-6165.tx,25,2,0,-41.0
hsa-miR-617.txt,31,1,0,-49.9
hsa-miR-618.txt,33,1,0,-34.0
hsa-miR-619-3p.,26,2,0,-30.1
hsa-miR-619-5p.,26,2,0,-30.1
hsa-miR-620.txt,28,1,0,-27.3
hsa-miR-621.txt,31,1,0,-36.6
hsa-miR-622.txt,30,1,0,-32.3
hsa-miR-623.txt,31,1,0,-34.9
hsa-miR-624-3p.,39,2,0,-55.0
hsa-miR-624-5p.,39,2,0,-55.0
hsa-miR-625-3p.,36,1,0,-75.0
hsa-miR-625-5p.,36,1,0,-75.0
hsa-miR-626.txt,30,1,0,-21.3
hsa-miR-627-3p.,36,1,0,-55.5
hsa-miR-627-5p.,36,1,0,-55.5
hsa-miR-628-3p.,30,1,0,-35.6
hsa-miR-628-5p.,30,1,0,-35.6
hsa-miR-629-3p.,36,1,0,-72.7
hsa-miR-629-5p.,36,1,0,-72.7
hsa-miR-630.txt,28,1,0,-28.0
hsa-miR-631.txt,27,1,0,-37.5
hsa-miR-632.txt,36,1,0,-44.6
hsa-miR-633.txt,27,1,0,-33.4
hsa-miR-634.txt,31,1,0,-30.3
hsa-miR-635.txt,30,1,0,-31.5
hsa-miR-636.txt,31,1,0,-54.3
hsa-miR-637.txt,33,1,0,-33.7
hsa-miR-638.txt,31,1,0,-54.6
hsa-miR-639.txt,31,1,0,-44.1
hsa-miR-640.txt,30,1,0,-33.9
hsa-miR-641.txt,38,1,0,-61.6
hsa-miR-642a-3p,34,2,0,-66.3
hsa-miR-642a-5p,34,2,0,-66.3
hsa-miR-642b-3p,31,1,0,-60.2
hsa-miR-642b-5p,31,1,0,-60.2
hsa-miR-643.txt,33,1,0,-44.3
hsa-miR-644a.tx,27,1,0,-26.7
hsa-miR-645.txt,34,1,0,-42.8
hsa-miR-646.txt,32,1,0,-33.4
hsa-miR-647.txt,28,1,0,-42.7
hsa-miR-648.txt,30,1,0,-38.0
hsa-miR-649.txt,34,1,0,-26.8
hsa-miR-6499-3p,20,1,0,-24.5
hsa-miR-6499-5p,20,1,0,-24.5
hsa-miR-650.txt,28,1,0,-35.5
hsa-miR-6500-3p,32,1,0,-47.1
hsa-miR-6500-5p,32,1,0,-47.1
hsa-miR-6501-3p,23,1,0,-32.6
hsa-miR-6501-5p,23,1,0,-32.6
hsa-miR-6502-3p,26,1,0,-24.8
hsa-miR-6502-5p,26,1,0,-24.8
hsa-miR-6503-3p,33,1,0,-62.0
hsa-miR-6503-5p,33,1,0,-62.0
hsa-miR-6504-3p,21,1,0,-37.6
hsa-miR-6504-5p,21,1,0,-37.6
hsa-miR-6505-3p,20,1,0,-19.8
hsa-miR-6505-5p,20,1,0,-19.8
hsa-miR-6506-3p,22,1,0,-22.3
hsa-miR-6506-5p,22,1,0,-22.3
hsa-miR-6507-3p,30,1,0,-49.8
hsa-miR-6507-5p,30,1,0,-49.8
hsa-miR-6508-3p,19,1,0,-32.6
hsa-miR-6508-5p,19,1,0,-32.6
hsa-miR-6509-3p,32,1,0,-47.3
hsa-miR-6509-5p,32,1,0,-47.3
hsa-miR-651-3p.,29,1,0,-34.0
hsa-miR-651-5p.,29,1,0,-34.0
hsa-miR-6510-3p,16,1,0,-26.8
hsa-miR-6510-5p,16,1,0,-26.8
hsa-miR-6511a-3,23,1,0,-37.9
hsa-miR-6511a-5,23,1,0,-37.9
hsa-miR-6511b-3,26,1,0,-42.0
hsa-miR-6511b-5,26,1,0,-42.0
hsa-miR-6512-3p,31,1,0,-56.9
hsa-miR-6512-5p,31,1,0,-56.9
hsa-miR-6513-3p,21,1,0,-26.1
hsa-miR-6513-5p,21,1,0,-26.1
hsa-miR-6514-3p,20,2,1,-26.1
hsa-miR-6514-5p,20,2,1,-26.1
hsa-miR-6515-3p,18,1,0,-20.7
hsa-miR-6515-5p,18,1,0,-20.7
hsa-miR-6516-3p,31,1,0,-28.3
hsa-miR-6516-5p,31,1,0,-28.3
hsa-miR-652-3p.,32,1,0,-53.1
hsa-miR-652-5p.,32,1,0,-53.1
hsa-miR-6529-3p,28,1,0,-28.9
hsa-miR-6529-5p,28,1,0,-28.9
hsa-miR-653-3p.,29,1,0,-32.8
hsa-miR-653-5p.,29,1,0,-32.8
hsa-miR-654-3p.,26,1,0,-28.3
hsa-miR-654-5p.,26,1,0,-28.3
hsa-miR-655-3p.,30,1,0,-34.8
hsa-miR-655-5p.,30,1,0,-34.8
hsa-miR-656-3p.,24,1,0,-23.0
hsa-miR-656-5p.,24,1,0,-23.0
hsa-miR-657.txt,31,3,1,-47.3
hsa-miR-658.txt,34,1,0,-41.4
hsa-miR-659-3p.,30,1,0,-54.6
hsa-miR-659-5p.,30,1,0,-54.6
hsa-miR-660-3p.,26,1,0,-32.8
hsa-miR-660-5p.,26,1,0,-32.8
hsa-miR-661.txt,31,1,0,-49.3
hsa-miR-662.txt,30,3,1,-46.0
hsa-miR-663a.tx,30,1,0,-50.5
hsa-miR-663b.tx,38,1,0,-47.3
hsa-miR-664a-3p,23,1,0,-23.4
hsa-miR-664a-5p,23,1,0,-23.4
hsa-miR-664b-3p,22,1,0,-24.8
hsa-miR-664b-5p,22,1,0,-24.8
hsa-miR-665.txt,24,1,0,-34.1
hsa-miR-668-3p.,27,1,0,-33.2
hsa-miR-668-5p.,27,1,0,-33.2
hsa-miR-670-3p.,38,1,0,-39.6
hsa-miR-670-5p.,38,1,0,-39.6
hsa-miR-671-3p.,42,1,0,-66.9
hsa-miR-671-5p.,42,1,0,-66.9
hsa-miR-6715a-3,30,1,0,-44.9
hsa-miR-6715b-3,30,1,0,-47.4
hsa-miR-6715b-5,30,1,0,-47.4
hsa-miR-6716-3p,24,1,0,-30.4
hsa-miR-6716-5p,24,1,0,-30.4
hsa-miR-6717-5p,24,1,0,-27.5
hsa-miR-6718-5p,33,1,0,-54.5
hsa-miR-6719-3p,23,1,0,-35.1
hsa-miR-6720-3p,28,2,1,-38.3
hsa-miR-6720-5p,28,2,1,-38.3
hsa-miR-6721-5p,25,1,0,-29.8
hsa-miR-6722-3p,30,1,0,-53.7
hsa-miR-6722-5p,30,1,0,-53.7
hsa-miR-6724-5p,30,1,0,-48.6
hsa-miR-6726-3p,21,1,0,-36.5
hsa-miR-6726-5p,21,1,0,-36.5
hsa-miR-6727-3p,22,1,0,-28.2
hsa-miR-6727-5p,22,1,0,-28.2
hsa-miR-6728-3p,26,1,0,-35.8
hsa-miR-6728-5p,26,1,0,-35.8
hsa-miR-6729-3p,22,1,0,-41.4
hsa-miR-6729-5p,22,1,0,-41.4
hsa-miR-6730-3p,18,1,0,-25.9
hsa-miR-6730-5p,18,1,0,-25.9
hsa-miR-6731-3p,22,1,0,-27.7
hsa-miR-6731-5p,22,1,0,-27.7
hsa-miR-6732-3p,18,1,0,-26.4
hsa-miR-6732-5p,18,1,0,-26.4
hsa-miR-6733-3p,18,1,0,-19.6
hsa-miR-6733-5p,18,1,0,-19.6
hsa-miR-6734-3p,21,1,0,-26.0
hsa-miR-6734-5p,21,1,0,-26.0
hsa-miR-6735-3p,22,1,0,-28.9
hsa-miR-6735-5p,22,1,0,-28.9
hsa-miR-6736-3p,18,1,0,-20.4
hsa-miR-6736-5p,18,1,0,-20.4
hsa-miR-6737-3p,23,1,0,-36.8
hsa-miR-6737-5p,23,1,0,-36.8
hsa-miR-6738-3p,18,1,0,-24.0
hsa-miR-6738-5p,18,1,0,-24.0
hsa-miR-6739-3p,20,1,0,-22.5
hsa-miR-6739-5p,20,1,0,-22.5
hsa-miR-6740-3p,33,1,0,-47.3
hsa-miR-6740-5p,33,1,0,-47.3
hsa-miR-6741-3p,17,1,0,-27.6
hsa-miR-6741-5p,17,1,0,-27.6
hsa-miR-6742-3p,18,1,0,-27.5
hsa-miR-6742-5p,18,1,0,-27.5
hsa-miR-6743-3p,21,1,0,-39.1
hsa-miR-6743-5p,21,1,0,-39.1
hsa-miR-6744-3p,23,1,0,-34.5
hsa-miR-6744-5p,23,1,0,-34.5
hsa-miR-6745.tx,39,1,0,-42.9
hsa-miR-6746-3p,19,1,0,-33.8
hsa-miR-6746-5p,19,1,0,-33.8
hsa-miR-6747-3p,14,1,0,-21.8
hsa-miR-6747-5p,14,1,0,-21.8
hsa-miR-6748-3p,19,1,0,-22.8
hsa-miR-6748-5p,19,1,0,-22.8
hsa-miR-6749-3p,17,1,0,-30.8
hsa-miR-6749-5p,17,1,0,-30.8
hsa-miR-675-3p.,26,1,0,-47.8
hsa-miR-675-5p.,26,1,0,-47.8
hsa-miR-6750-3p,21,1,0,-31.2
hsa-miR-6750-5p,21,1,0,-31.2
hsa-miR-6751-3p,18,1,0,-25.6
hsa-miR-6751-5p,18,1,0,-25.6
hsa-miR-6752-3p,24,1,0,-35.4
hsa-miR-6752-5p,24,1,0,-35.4
hsa-miR-6753-3p,51,3,2,-83.2
hsa-miR-6753-5p,51,3,2,-83.2
hsa-miR-6754-3p,23,1,0,-28.4
hsa-miR-6754-5p,23,1,0,-28.4
hsa-miR-6755-3p,20,1,0,-19.1
hsa-miR-6755-5p,20,1,0,-19.1
hsa-miR-6756-3p,21,1,0,-32.4
hsa-miR-6756-5p,21,1,0,-32.4
hsa-miR-6757-3p,22,1,0,-29.3
hsa-miR-6757-5p,22,1,0,-29.3
hsa-miR-6758-3p,23,1,0,-26.5
hsa-miR-6758-5p,23,1,0,-26.5
hsa-miR-6759-3p,17,1,0,-18.4
hsa-miR-6759-5p,17,1,0,-18.4
hsa-miR-676-3p.,22,1,0,-32.4
hsa-miR-676-5p.,22,1,0,-32.4
hsa-miR-6760-3p,20,1,0,-34.6
hsa-miR-6760-5p,20,1,0,-34.6
hsa-miR-6761-3p,23,1,0,-22.4
hsa-miR-6761-5p,23,1,0,-22.4
hsa-miR-6762-3p,31,1,0,-47.8
hsa-miR-6762-5p,31,1,0,-47.8
hsa-miR-6763-3p,21,1,0,-38.1
hsa-miR-6763-5p,21,1,0,-38.1
hsa-miR-6764-3p,15,1,0,-16.5
hsa-miR-6764-5p,15,1,0,-16.5
hsa-miR-6765-3p,31,1,0,-49.7
hsa-miR-6765-5p,31,1,0,-49.7
hsa-miR-6766-3p,20,1,0,-22.0
hsa-miR-6766-5p,20,1,0,-22.0
hsa-miR-6767-3p,18,1,0,-19.0
hsa-miR-6767-5p,18,1,0,-19.0
hsa-miR-6768-3p,17,1,0,-23.0
hsa-miR-6768-5p,17,1,0,-23.0
hsa-miR-6769a-3,20,1,0,-25.5
hsa-miR-6769a-5,20,1,0,-25.5
hsa-miR-6769b-3,20,1,0,-28.6
hsa-miR-6769b-5,20,1,0,-28.6
hsa-miR-6770-3p,21,1,0,-27.0
hsa-miR-6770-5p,21,1,0,-27.0
hsa-miR-6771-3p,18,1,0,-22.7
hsa-miR-6771-5p,18,1,0,-22.7
hsa-miR-6772-3p,22,1,0,-22.4
hsa-miR-6772-5p,22,1,0,-22.4
hsa-miR-6773-3p,20,1,0,-20.5
hsa-miR-6773-5p,20,1,0,-20.5
hsa-miR-6774-3p,19,1,0,-25.5
hsa-miR-6774-5p,19,1,0,-25.5
hsa-miR-6775-3p,20,1,0,-34.3
hsa-miR-6775-5p,20,1,0,-34.3
hsa-miR-6776-3p,18,1,0,-24.6
hsa-miR-6776-5p,18,1,0,-24.6
hsa-miR-6777-3p,20,1,0,-31.0
hsa-miR-6777-5p,20,1,0,-31.0
hsa-miR-6778-3p,22,1,0,-37.6
hsa-miR-6778-5p,22,1,0,-37.6
hsa-miR-6779-3p,19,1,0,-30.7
hsa-miR-6779-5p,19,1,0,-30.7
hsa-miR-6780a-3,23,1,0,-27.8
hsa-miR-6780a-5,23,1,0,-27.8
hsa-miR-6780b-3,27,1,0,-30.5
hsa-miR-6780b-5,27,1,0,-30.5
hsa-miR-6781-3p,16,1,0,-20.8
hsa-miR-6781-5p,16,1,0,-20.8
hsa-miR-6782-3p,22,1,0,-30.3
hsa-miR-6782-5p,22,1,0,-30.3
hsa-miR-6783-3p,18,1,0,-23.6
hsa-miR-6783-5p,18,1,0,-23.6
hsa-miR-6784-3p,17,1,0,-25.9
hsa-miR-6784-5p,17,1,0,-25.9
hsa-miR-6785-3p,25,1,0,-32.7
hsa-miR-6785-5p,25,1,0,-32.7
hsa-miR-6786-3p,41,2,0,-67.3
hsa-miR-6786-5p,41,2,0,-67.3
hsa-miR-6787-3p,20,1,0,-30.9
hsa-miR-6787-5p,20,1,0,-30.9
hsa-miR-6788-3p,21,1,0,-29.7
hsa-miR-6788-5p,21,1,0,-29.7
hsa-miR-6789-3p,32,1,0,-56.1
hsa-miR-6789-5p,32,1,0,-56.1
hsa-miR-6790-3p,21,1,0,-31.1
hsa-miR-6790-5p,21,1,0,-31.1
hsa-miR-6791-3p,21,1,0,-29.2
hsa-miR-6791-5p,21,1,0,-29.2
hsa-miR-6792-3p,20,1,0,-30.3
hsa-miR-6792-5p,20,1,0,-30.3
hsa-miR-6793-3p,19,1,0,-31.4
hsa-miR-6793-5p,19,1,0,-31.4
hsa-miR-6794-3p,23,1,0,-38.9
hsa-miR-6794-5p,23,1,0,-38.9
hsa-miR-6795-3p,19,1,0,-25.7
hsa-miR-6795-5p,19,1,0,-25.7
hsa-miR-6796-3p,19,1,0,-32.3
hsa-miR-6796-5p,19,1,0,-32.3
hsa-miR-6797-3p,19,1,0,-30.9
hsa-miR-6797-5p,19,1,0,-30.9
hsa-miR-6798-3p,16,1,0,-28.9
hsa-miR-6798-5p,16,1,0,-28.9
hsa-miR-6799-3p,19,1,0,-36.3
hsa-miR-6799-5p,19,1,0,-36.3
hsa-miR-6800-3p,31,1,0,-45.2
hsa-miR-6800-5p,31,1,0,-45.2
hsa-miR-6801-3p,24,1,0,-25.2
hsa-miR-6801-5p,24,1,0,-25.2
hsa-miR-6802-3p,21,1,0,-28.5
hsa-miR-6802-5p,21,1,0,-28.5
hsa-miR-6803-3p,22,1,0,-33.0
hsa-miR-6803-5p,22,1,0,-33.0
hsa-miR-6804-3p,22,1,0,-31.6
hsa-miR-6804-5p,22,1,0,-31.6
hsa-miR-6805-3p,19,1,0,-31.9
hsa-miR-6805-5p,19,1,0,-31.9
hsa-miR-6806-3p,20,1,0,-22.8
hsa-miR-6806-5p,20,1,0,-22.8
hsa-miR-6807-3p,25,1,0,-27.5
hsa-miR-6807-5p,25,1,0,-27.5
hsa-miR-6808-3p,16,1,0,-25.3
hsa-miR-6808-5p,16,1,0,-25.3
hsa-miR-6809-3p,38,1,0,-38.0
hsa-miR-6809-5p,38,1,0,-38.0
hsa-miR-6810-3p,21,1,0,-30.2
hsa-miR-6810-5p,21,1,0,-30.2
hsa-miR-6811-3p,18,1,0,-25.2
hsa-miR-6811-5p,18,1,0,-25.2
hsa-miR-6812-3p,19,1,0,-30.3
hsa-miR-6812-5p,19,1,0,-30.3
hsa-miR-6813-3p,16,1,0,-26.4
hsa-miR-6813-5p,16,1,0,-26.4
hsa-miR-6814-3p,17,2,1,-19.8
hsa-miR-6814-5p,17,2,1,-19.8
hsa-miR-6815-3p,20,1,0,-24.6
hsa-miR-6815-5p,20,1,0,-24.6
hsa-miR-6816-3p,21,1,0,-32.5
hsa-miR-6816-5p,21,1,0,-32.5
hsa-miR-6817-3p,21,1,0,-19.9
hsa-miR-6817-5p,21,1,0,-19.9
hsa-miR-6818-3p,20,1,0,-22.8
hsa-miR-6818-5p,20,1,0,-22.8
hsa-miR-6819-3p,20,1,0,-30.7
hsa-miR-6819-5p,20,1,0,-30.7
hsa-miR-6820-3p,19,1,0,-24.4
hsa-miR-6820-5p,19,1,0,-24.4
hsa-miR-6821-3p,27,1,0,-43.9
hsa-miR-6821-5p,27,1,0,-43.9
hsa-miR-6822-3p,22,1,0,-34.8
hsa-miR-6822-5p,22,1,0,-34.8
hsa-miR-6823-3p,17,1,0,-22.3
hsa-miR-6823-5p,17,1,0,-22.3
hsa-miR-6824-3p,19,1,0,-30.8
hsa-miR-6824-5p,19,1,0,-30.8
hsa-miR-6825-3p,25,1,0,-43.6
hsa-miR-6825-5p,25,1,0,-43.6
hsa-miR-6826-3p,27,1,0,-31.9
hsa-miR-6826-5p,27,1,0,-31.9
hsa-miR-6827-3p,19,1,0,-22.7
hsa-miR-6827-5p,19,1,0,-22.7
hsa-miR-6828-3p,14,1,0,-15.5
hsa-miR-6828-5p,14,1,0,-15.5
hsa-miR-6829-3p,18,1,0,-26.9
hsa-miR-6829-5p,18,1,0,-26.9
hsa-miR-6830-3p,17,1,0,-18.1
hsa-miR-6830-5p,17,1,0,-18.1
hsa-miR-6831-3p,21,1,0,-29.2
hsa-miR-6831-5p,21,1,0,-29.2
hsa-miR-6832-3p,25,1,0,-28.4
hsa-miR-6832-5p,25,1,0,-28.4
hsa-miR-6833-3p,17,1,0,-19.1
hsa-miR-6833-5p,17,1,0,-19.1
hsa-miR-6834-3p,24,1,0,-30.0
hsa-miR-6834-5p,24,1,0,-30.0
hsa-miR-6835-3p,19,1,0,-18.8
hsa-miR-6835-5p,19,1,0,-18.8
hsa-miR-6836-3p,17,1,0,-25.1
hsa-miR-6836-5p,17,1,0,-25.1
hsa-miR-6837-3p,22,1,0,-27.2
hsa-miR-6837-5p,22,1,0,-27.2
hsa-miR-6838-3p,16,1,0,-24.5
hsa-miR-6838-5p,16,1,0,-24.5
hsa-miR-6839-3p,43,1,0,-75.8
hsa-miR-6839-5p,43,1,0,-75.8
hsa-miR-6840-3p,22,1,0,-29.1
hsa-miR-6840-5p,22,1,0,-29.1
hsa-miR-6841-3p,18,1,0,-19.7
hsa-miR-6841-5p,18,1,0,-19.7
hsa-miR-6842-3p,22,1,0,-30.2
hsa-miR-6842-5p,22,1,0,-30.2
hsa-miR-6843-3p,50,3,1,-76.5
hsa-miR-6844.tx,17,1,0,-9.2
hsa-miR-6845-3p,16,1,0,-21.0
hsa-miR-6845-5p,16,1,0,-21.0
hsa-miR-6846-3p,20,1,0,-25.3
hsa-miR-6846-5p,20,1,0,-25.3
hsa-miR-6847-3p,18,1,0,-25.6
hsa-miR-6847-5p,18,1,0,-25.6
hsa-miR-6848-3p,23,1,0,-36.5
hsa-miR-6848-5p,23,1,0,-36.5
hsa-miR-6849-3p,24,1,0,-34.4
hsa-miR-6849-5p,24,1,0,-34.4
hsa-miR-6850-3p,16,1,0,-34.1
hsa-miR-6850-5p,16,1,0,-34.1
hsa-miR-6851-3p,18,1,0,-31.7
hsa-miR-6851-5p,18,1,0,-31.7
hsa-miR-6852-3p,17,1,0,-28.8
hsa-miR-6852-5p,17,1,0,-28.8
hsa-miR-6853-3p,22,1,0,-25.5
hsa-miR-6853-5p,22,1,0,-25.5
hsa-miR-6854-3p,18,1,0,-19.6
hsa-miR-6854-5p,18,1,0,-19.6
hsa-miR-6855-3p,22,1,0,-27.1
hsa-miR-6855-5p,22,1,0,-27.1
hsa-miR-6856-3p,23,1,0,-24.9
hsa-miR-6856-5p,23,1,0,-24.9
hsa-miR-6857-3p,26,1,0,-27.4
hsa-miR-6857-5p,26,1,0,-27.4
hsa-miR-6858-3p,19,1,0,-41.3
hsa-miR-6858-5p,19,1,0,-41.3
hsa-miR-6859-3p,20,1,0,-30.2
hsa-miR-6859-5p,20,1,0,-30.2
hsa-miR-6860.tx,15,1,0,-16.1
hsa-miR-6861-3p,21,1,0,-37.0
hsa-miR-6861-5p,21,1,0,-37.0
hsa-miR-6862-3p,21,1,0,-29.4
hsa-miR-6862-5p,21,1,0,-29.4
hsa-miR-6863.tx,24,2,0,-14.9
hsa-miR-6864-3p,22,1,0,-24.8
hsa-miR-6864-5p,22,1,0,-24.8
hsa-miR-6865-3p,20,1,0,-22.5
hsa-miR-6865-5p,20,1,0,-22.5
hsa-miR-6866-3p,22,1,0,-19.1
hsa-miR-6866-5p,22,1,0,-19.1
hsa-miR-6867-3p,21,1,0,-20.4
hsa-miR-6867-5p,21,1,0,-20.4
hsa-miR-6868-3p,18,1,0,-18.5
hsa-miR-6868-5p,18,1,0,-18.5
hsa-miR-6869-3p,20,1,0,-39.1
hsa-miR-6869-5p,20,1,0,-39.1
hsa-miR-6870-3p,17,1,0,-24.2
hsa-miR-6870-5p,17,1,0,-24.2
hsa-miR-6871-3p,18,1,0,-26.6
hsa-miR-6871-5p,18,1,0,-26.6
hsa-miR-6872-3p,17,1,0,-27.7
hsa-miR-6872-5p,17,1,0,-27.7
hsa-miR-6873-3p,21,1,0,-21.2
hsa-miR-6873-5p,21,1,0,-21.2
hsa-miR-6874-3p,20,1,0,-16.5
hsa-miR-6874-5p,20,1,0,-16.5
hsa-miR-6875-3p,24,1,0,-29.9
hsa-miR-6875-5p,24,1,0,-29.9
hsa-miR-6876-3p,23,1,0,-29.5
hsa-miR-6876-5p,23,1,0,-29.5
hsa-miR-6877-3p,20,1,0,-29.4
hsa-miR-6877-5p,20,1,0,-29.4
hsa-miR-6878-3p,20,1,0,-17.3
hsa-miR-6878-5p,20,1,0,-17.3
hsa-miR-6879-3p,19,1,0,-34.2
hsa-miR-6879-5p,19,1,0,-34.2
hsa-miR-6880-3p,19,1,0,-27.2
hsa-miR-6880-5p,19,1,0,-27.2
hsa-miR-6881-3p,27,1,0,-34.0
hsa-miR-6881-5p,27,1,0,-34.0
hsa-miR-6882-3p,16,1,0,-21.4
hsa-miR-6882-5p,16,1,0,-21.4
hsa-miR-6883-3p,22,1,0,-25.3
hsa-miR-6883-5p,22,1,0,-25.3
hsa-miR-6884-3p,20,1,0,-23.7
hsa-miR-6884-5p,20,1,0,-23.7
hsa-miR-6885-3p,23,1,0,-31.5
hsa-miR-6885-5p,23,1,0,-31.5
hsa-miR-6886-3p,16,1,0,-24.9
hsa-miR-6886-5p,16,1,0,-24.9
hsa-miR-6887-3p,21,1,0,-31.7
hsa-miR-6887-5p,21,1,0,-31.7
hsa-miR-6888-3p,18,1,0,-21.7
hsa-miR-6888-5p,18,1,0,-21.7
hsa-miR-6889-3p,18,1,0,-24.8
hsa-miR-6889-5p,18,1,0,-24.8
hsa-miR-6890-3p,17,1,0,-28.4
hsa-miR-6890-5p,17,1,0,-28.4
hsa-miR-6891-3p,31,1,0,-47.8
hsa-miR-6891-5p,31,1,0,-47.8
hsa-miR-6892-3p,35,2,1,-46.6
hsa-miR-6892-5p,35,2,1,-46.6
hsa-miR-6893-3p,22,1,0,-37.6
hsa-miR-6893-5p,22,1,0,-37.6
hsa-miR-6894-3p,18,1,0,-25.7
hsa-miR-6894-5p,18,1,0,-25.7
hsa-miR-6895-3p,23,1,0,-26.7
hsa-miR-6895-5p,23,1,0,-26.7
hsa-miR-7-1-3p.,44,1,0,-47.7
hsa-miR-7-2-3p.,36,2,0,-47.0
hsa-miR-7-5p.tx,44,1,0,-47.7
hsa-miR-708-3p.,30,1,0,-41.6
hsa-miR-708-5p.,30,1,0,-41.6
hsa-miR-7106-3p,18,1,0,-27.5
hsa-miR-7106-5p,18,1,0,-27.5
hsa-miR-7107-3p,27,1,0,-27.4
hsa-miR-7107-5p,27,1,0,-27.4
hsa-miR-7108-3p,31,1,0,-60.8
hsa-miR-7108-5p,31,1,0,-60.8
hsa-miR-7109-3p,19,1,0,-25.8
hsa-miR-7109-5p,19,1,0,-25.8
hsa-miR-711.txt,23,1,0,-35.6
hsa-miR-7110-3p,24,1,0,-37.4
hsa-miR-7110-5p,24,1,0,-37.4
hsa-miR-7111-3p,19,1,0,-23.6
hsa-miR-7111-5p,19,1,0,-23.6
hsa-miR-7112-3p,19,1,0,-27.7
hsa-miR-7112-5p,19,1,0,-27.7
hsa-miR-7113-3p,19,1,0,-22.3
hsa-miR-7113-5p,19,1,0,-22.3
hsa-miR-7114-3p,17,1,0,-31.7
hsa-miR-7114-5p,17,1,0,-31.7
hsa-miR-7150.tx,29,1,0,-43.2
hsa-miR-7151-3p,21,1,0,-24.7
hsa-miR-7151-5p,21,1,0,-24.7
hsa-miR-7152-3p,18,1,0,-25.2
hsa-miR-7152-5p,18,1,0,-25.2
hsa-miR-7153-3p,16,1,0,-13.7
hsa-miR-7153-5p,16,1,0,-13.7
hsa-miR-7154-3p,24,1,0,-20.6
hsa-miR-7154-5p,24,1,0,-20.6
hsa-miR-7155-3p,22,1,0,-38.5
hsa-miR-7155-5p,22,1,0,-38.5
hsa-miR-7156-3p,20,1,0,-24.8
hsa-miR-7156-5p,20,1,0,-24.8
hsa-miR-7157-3p,17,1,0,-18.8
hsa-miR-7157-5p,17,1,0,-18.8
hsa-miR-7158-3p,25,1,0,-32.1
hsa-miR-7158-5p,25,1,0,-32.1
hsa-miR-7159-3p,21,1,0,-21.2
hsa-miR-7159-5p,21,1,0,-21.2
hsa-miR-7160-3p,18,1,0,-29.8
hsa-miR-7160-5p,18,1,0,-29.8
hsa-miR-7161-3p,27,1,0,-30.2
hsa-miR-7161-5p,27,1,0,-30.2
hsa-miR-7162-3p,22,1,0,-26.0
hsa-miR-7162-5p,22,1,0,-26.0
hsa-miR-718.txt,24,1,0,-38.8
hsa-miR-744-3p.,32,1,0,-36.5
hsa-miR-744-5p.,32,1,0,-36.5
hsa-miR-7515.tx,21,1,0,-13.4
hsa-miR-758-3p.,28,1,0,-29.6
hsa-miR-758-5p.,28,1,0,-29.6
hsa-miR-759.txt,36,1,0,-32.0
hsa-miR-760.txt,25,1,0,-39.5
hsa-miR-761.txt,25,1,0,-44.1
hsa-miR-762.txt,33,1,0,-66.7
hsa-miR-764.txt,30,1,0,-39.6
hsa-miR-765.txt,33,1,0,-30.8
hsa-miR-766-3p.,34,1,0,-49.4
hsa-miR-766-5p.,34,1,0,-49.4
hsa-miR-767-3p.,38,1,0,-44.0
hsa-miR-767-5p.,38,1,0,-44.0
hsa-miR-769-3p.,43,1,0,-60.8
hsa-miR-769-5p.,43,1,0,-60.8
hsa-miR-770-5p.,38,1,0,-55.8
hsa-miR-7702.tx,24,1,0,-43.1
hsa-miR-7703.tx,21,1,0,-30.0
hsa-miR-7704.tx,21,1,0,-30.4
hsa-miR-7705.tx,18,1,0,-25.6
hsa-miR-7706.tx,21,1,0,-28.6
hsa-miR-7843-3p,27,1,0,-33.2
hsa-miR-7843-5p,27,1,0,-33.2
hsa-miR-7844-5p,34,1,0,-35.9
hsa-miR-7845-5p,35,1,0,-50.2
hsa-miR-7846-3p,36,1,0,-57.3
hsa-miR-7847-3p,38,1,0,-50.5
hsa-miR-7848-3p,38,1,0,-46.5
hsa-miR-7849-3p,44,1,0,-59.2
hsa-miR-7850-5p,32,1,0,-54.6
hsa-miR-7851-3p,60,1,0,-89.9
hsa-miR-7852-3p,33,1,0,-56.2
hsa-miR-7853-5p,50,1,0,-51.5
hsa-miR-7854-3p,23,1,0,-27.1
hsa-miR-7855-5p,22,1,0,-29.3
hsa-miR-7856-5p,23,1,0,-44.1
hsa-miR-7973.tx,29,1,0,-39.6
hsa-miR-7974.tx,19,1,0,-23.6
hsa-miR-7975.tx,21,1,0,-31.8
hsa-miR-7976.tx,23,1,0,-28.4
hsa-miR-7977.tx,14,1,0,-15.0
hsa-miR-7978.tx,17,1,0,-19.2
hsa-miR-802.txt,31,1,0,-34.8
hsa-miR-8052.tx,23,1,0,-30.9
hsa-miR-8053.tx,23,1,0,-21.2
hsa-miR-8054.tx,28,1,0,-23.9
hsa-miR-8055.tx,29,1,0,-28.4
hsa-miR-8056.tx,27,1,0,-29.5
hsa-miR-8057.tx,26,1,0,-21.7
hsa-miR-8058.tx,33,1,0,-31.2
hsa-miR-8059.tx,26,1,0,-27.7
hsa-miR-8060.tx,23,1,0,-24.6
hsa-miR-8061.tx,24,1,0,-22.2
hsa-miR-8062.tx,25,1,0,-23.9
hsa-miR-8063.tx,28,1,0,-23.3
hsa-miR-8064.tx,30,1,0,-35.3
hsa-miR-8065.tx,33,1,0,-28.0
hsa-miR-8066.tx,25,1,0,-23.1
hsa-miR-8067.tx,26,1,0,-21.1
hsa-miR-8068.tx,23,1,0,-27.2
hsa-miR-8069.tx,27,1,0,-33.4
hsa-miR-8070.tx,29,1,0,-27.3
hsa-miR-8071.tx,23,1,0,-30.7
hsa-miR-8072.tx,28,1,0,-43.8
hsa-miR-8073.tx,23,1,0,-25.9
hsa-miR-8074.tx,25,1,0,-28.6
hsa-miR-8075.tx,25,1,0,-30.5
hsa-miR-8076.tx,29,1,0,-24.2
hsa-miR-8077.tx,22,1,0,-36.1
hsa-miR-8078.tx,24,1,0,-38.2
hsa-miR-8079.tx,25,1,0,-33.3
hsa-miR-8080.tx,26,1,0,-30.3
hsa-miR-8081.tx,26,1,0,-22.3
hsa-miR-8082.tx,30,1,0,-34.0
hsa-miR-8083.tx,34,1,0,-43.2
hsa-miR-8084.tx,31,1,0,-18.7
hsa-miR-8085.tx,22,1,0,-27.3
hsa-miR-8086.tx,36,1,0,-34.4
hsa-miR-8087.tx,27,1,0,-33.5
hsa-miR-8088.tx,29,1,0,-30.2
hsa-miR-8089.tx,28,1,0,-40.4
hsa-miR-8485.tx,24,1,0,-35.9
hsa-miR-873-3p.,26,1,0,-32.0
hsa-miR-873-5p.,26,1,0,-32.0
hsa-miR-874-3p.,26,1,0,-36.4
hsa-miR-874-5p.,26,1,0,-36.4
hsa-miR-875-3p.,25,1,0,-31.2
hsa-miR-875-5p.,25,1,0,-31.2
hsa-miR-876-3p.,32,1,0,-41.6
hsa-miR-876-5p.,32,1,0,-41.6
hsa-miR-877-3p.,29,1,0,-39.8
hsa-miR-877-5p.,29,1,0,-39.8
hsa-miR-885-3p.,28,1,0,-44.3
hsa-miR-885-5p.,28,1,0,-44.3
hsa-miR-887-3p.,29,1,0,-39.3
hsa-miR-887-5p.,29,1,0,-39.3
hsa-miR-888-3p.,25,1,0,-31.2
hsa-miR-888-5p.,25,1,0,-31.2
hsa-miR-889-3p.,27,1,0,-24.8
hsa-miR-889-5p.,27,1,0,-24.8
hsa-miR-890.txt,25,1,0,-27.3
hsa-miR-891a-3p,27,1,0,-34.7
hsa-miR-891a-5p,27,1,0,-34.7
hsa-miR-891b.tx,24,1,0,-23.8
hsa-miR-892a.tx,23,1,0,-28.0
hsa-miR-892b.tx,26,1,0,-35.9
hsa-miR-892c-3p,24,1,0,-29.8
hsa-miR-892c-5p,24,1,0,-29.8
hsa-miR-9-3p.tx,33,1,0,-41.0
hsa-miR-9-5p.tx,33,1,0,-41.0
hsa-miR-920.txt,23,1,0,-27.3
hsa-miR-921.txt,17,1,0,-21.5
hsa-miR-922.txt,27,1,0,-28.7
hsa-miR-924.txt,16,1,0,-12.4
hsa-miR-92a-1-5,27,1,0,-35.5
hsa-miR-92a-2-5,28,1,0,-29.8
hsa-miR-92a-3p.,27,1,0,-35.5
hsa-miR-92b-3p.,35,1,0,-66.0
hsa-miR-92b-5p.,35,1,0,-66.0
hsa-miR-93-3p.t,30,1,0,-43.8
hsa-miR-93-5p.t,30,1,0,-43.8
hsa-miR-933.txt,27,1,0,-35.5
hsa-miR-934.txt,33,1,0,-53.2
hsa-miR-935.txt,32,1,0,-61.2
hsa-miR-936.txt,29,1,0,-34.2
hsa-miR-937-3p.,27,1,0,-36.8
hsa-miR-937-5p.,27,1,0,-36.8
hsa-miR-938.txt,31,1,0,-36.5
hsa-miR-939-3p.,30,1,0,-56.8
hsa-miR-939-5p.,30,1,0,-56.8
hsa-miR-940.txt,31,1,0,-52.9
hsa-miR-941.txt,25,1,0,-36.8
hsa-miR-942-3p.,34,1,0,-56.7
hsa-miR-942-5p.,34,1,0,-56.7
hsa-miR-943.txt,35,1,0,-43.9
hsa-miR-944.txt,34,1,0,-45.3
hsa-miR-95-3p.t,32,1,0,-36.4
hsa-miR-95-5p.t,32,1,0,-36.4
hsa-miR-9500.tx,15,1,0,-17.2
hsa-miR-96-3p.t,26,1,0,-34.8
hsa-miR-96-5p.t,26,1,0,-34.8
hsa-miR-9718.tx,19,1,0,-26.4
hsa-miR-98-3p.t,44,1,0,-56.7
hsa-miR-98-5p.t,44,1,0,-56.7
hsa-miR-9851-3p,29,1,0,-46.6
hsa-miR-9851-5p,29,1,0,-46.6
hsa-miR-9898.tx,33,1,0,-41.8
hsa-miR-9899.tx,29,1,0,-49.9
hsa-miR-9900.tx,28,1,0,-31.1
hsa-miR-9901.tx,35,1,0,-63.4
hsa-miR-9902.tx,32,1,0,-36.7
hsa-miR-9903.tx,34,1,0,-64.6
hsa-miR-9983-3p,25,1,0,-25.2
hsa-miR-9985.tx,35,3,1,-22.8
hsa-miR-9986.tx,39,1,0,-61.7
hsa-miR-99a-3p.,29,1,0,-39.5
hsa-miR-99a-5p.,29,1,0,-39.5
hsa-miR-99b-3p.,24,1,0,-29.4
hsa-miR-99b-5p.,24,1,0,-29.4
